id,category,suggestedTitle,titleConfidence,titleSource,visualContext,durationSec,transcript,ocrText,reviewedTitle,notes,relativePath,thumbnailPath
agi_7586719013842111766,Agility Drills,Agility Drill,0.25,category_fallback,agility,72.7,"4, 4, 4, 3, 2, 1!",Noi SUNTEM | Peirocub | NoigunsM | Patrocva | SunTEA,,,videos/150+ Soccer Drill Videos-20260616T182504Z-3-001/150+ Soccer Drill Videos/Agility Drills/!agi_7586719013842111766.mp4,video_analysis/thumbnails/agi_7586719013842111766.jpg
agi_7586719013842111766,Agility Drills,Agility Drill,0.25,category_fallback,agility,72.7,"4, 4, 4, 3, 2, 1!",Noi SUNTEM | Peirocub | NoigunsM | Patrocva | SunTEA,,,videos/150+ Soccer Drill Videos-20260616T182504Z-3-001/150+ Soccer Drill Videos/Agility Drills/agi_7586719013842111766.mp4,video_analysis/thumbnails/agi_7586719013842111766.jpg
agi_7589293268974783766,Agility Drills,Agility Drill,0.25,category_fallback,agility,12.1,,SIMPLE. REACTIVE. EFFECTIVE! J20 Ccucmuy | 1na7 987395 | J20 Coaching ' | FOLLOW FOR MORE DAILY TRAINING CONTENT J20 cuucning | Uro e,,,videos/150+ Soccer Drill Videos-20260616T182504Z-3-001/150+ Soccer Drill Videos/Agility Drills/agi_7589293268974783766.mp4,video_analysis/thumbnails/agi_7589293268974783766.jpg
agi_7590031982361365782,Agility Drills,Agility Drill,0.25,category_fallback,agility,72.3,,sunten | Jun | Noi Suntem,,,videos/150+ Soccer Drill Videos-20260616T182504Z-3-001/150+ Soccer Drill Videos/Agility Drills/agi_7590031982361365782.mp4,video_analysis/thumbnails/agi_7590031982361365782.jpg
agi_7591894816011635971,Agility Drills,Agility Drill,0.25,category_fallback,agility,62.1,Поехали!,noi SunteM | Gunten | GunTen | Pbun,,,videos/150+ Soccer Drill Videos-20260616T182504Z-3-001/150+ Soccer Drill Videos/Agility Drills/agi_7591894816011635971.mp4,video_analysis/thumbnails/agi_7591894816011635971.jpg
agi_7598622386061135126,Agility Drills,Agility Drill,0.25,category_fallback,agility,67.5,,,,,videos/150+ Soccer Drill Videos-20260616T182504Z-3-001/150+ Soccer Drill Videos/Agility Drills/agi_7598622386061135126.mp4,video_analysis/thumbnails/agi_7598622386061135126.jpg
agi_7576300381098085655,Agility Drills,"2-a tigere, una, toatele! 2-a tigere, s-a intrat aici! 3-a tigere! Un",0.45,transcript_snippet,agility,62.5,"2-a tigere, una, toatele! 2-a tigere, s-a intrat aici! 3-a tigere! Un rustic! 2-a tigere! Pune-a piata-n stup! 1-a tigere, una, toatele! Pune... 1-a tigere, una, toatele! Un ore! ástico ёfase, un modeu! 1, 2, 3... 1, 2, 3! 1, 2, 3, 4!",PE ROGUB | HMs | SĂR | KTrCCU | Irocub,,,videos/150+ Soccer Drill Videos-20260616T182504Z-3-001/150+ Soccer Drill Videos/Agility Drills/agi_7576300381098085655.mp4,video_analysis/thumbnails/agi_7576300381098085655.jpg
agi_7578901009016065303,Agility Drills,Поехали! Сдвигай! Сдвигай! Сдвигай! Сдвигай!,0.45,transcript_snippet,agility,62.3,Поехали! Сдвигай! Сдвигай! Сдвигай! Сдвигай!,,,,videos/150+ Soccer Drill Videos-20260616T182504Z-3-001/150+ Soccer Drill Videos/Agility Drills/agi_7578901009016065303.mp4,video_analysis/thumbnails/agi_7578901009016065303.jpg
agi_7593006658511555862,Agility Drills,"Aight, do me!",0.45,transcript_snippet,agility,63.4,"Aight, do me!",Eburv | Gv veYouf Ora car,,,videos/150+ Soccer Drill Videos-20260616T182504Z-3-001/150+ Soccer Drill Videos/Agility Drills/agi_7593006658511555862.mp4,video_analysis/thumbnails/agi_7593006658511555862.jpg
agi_7599677432911645974,Agility Drills,"Păruri drept, rosten, pasăm bine, atacăm mingea. Păruri drept, rosten, să pună",0.45,transcript_snippet,agility,65.0,"Păruri drept, rosten, pasăm bine, atacăm mingea. Păruri drept, rosten, să pună lupii. Hai, Victor, hai, Victor! Controlul mingii, păruri drept, rosten, ok. Păruri drept, rosten, pasăm bine, păruri drept, rosten, pasăm bine, păruri drept, rosten, pasăm bine, păruri drept, rosten, pasăm bine. Păruri drept, rosten, pasăm bine, după ce ducem într-un an.",,,,videos/150+ Soccer Drill Videos-20260616T182504Z-3-001/150+ Soccer Drill Videos/Agility Drills/agi_7599677432911645974.mp4,video_analysis/thumbnails/agi_7599677432911645974.jpg
agi_77219400674642103558,Agility Drills,On va à l'inverse. On est prêts. Il a un rouge dans,0.45,transcript_snippet,agility,13.4,On va à l'inverse. On est prêts. Il a un rouge dans les mains.,FFFtv,,,videos/150+ Soccer Drill Videos-20260616T182504Z-3-001/150+ Soccer Drill Videos/Agility Drills/agi_77219400674642103558.mp4,video_analysis/thumbnails/agi_77219400674642103558.jpg
def_7509108246267972897,Defensive Drills,Defensive Drill,0.25,category_fallback,defensive,31.5,,KAPWING,,,videos/150+ Soccer Drill Videos-20260616T182504Z-3-001/150+ Soccer Drill Videos/Defensive Drills/def_7509108246267972897.mp4,video_analysis/thumbnails/def_7509108246267972897.jpg
def_7585275303610649888,Defensive Drills,Defensive Drill,0.25,category_fallback,defensive,21.0,,,,,videos/150+ Soccer Drill Videos-20260616T182504Z-3-001/150+ Soccer Drill Videos/Defensive Drills/def_7585275303610649888.mp4,video_analysis/thumbnails/def_7585275303610649888.jpg
def_7514441230512655622,Defensive Drills,TRERNO ESPECIFICO PARA ZAGUEIROS ovmperiormancee,0.35,ocr_fallback,defensive,51.4,,TRENO ESPECIFICO PARA ZAGUEIROS vmperiormancee | TRERNO ESPECIFICO PARA ZAGUEIROS ovmperiormancee | TRENO ESPECIFICO PARA ZAGUEIROS @vmperiormancee,,,videos/150+ Soccer Drill Videos-20260616T182504Z-3-001/150+ Soccer Drill Videos/Defensive Drills/def_7514441230512655622.mp4,video_analysis/thumbnails/def_7514441230512655622.jpg
def_7550393356799446304,Defensive Drills,Wplayco leconsportit,0.35,ocr_fallback,defensive,47.2,,Pastas la Mureca | Wplayco leconsportit | GATORADE } 9 | (oqeph AÑAS | Mureca Pastas,,,videos/150+ Soccer Drill Videos-20260616T182504Z-3-001/150+ Soccer Drill Videos/Defensive Drills/def_7550393356799446304.mp4,video_analysis/thumbnails/def_7550393356799446304.jpg
def_6943340714457582853,Defensive Drills,"Dale Mario, dale Mario, dale Vuelvo despacio, despacio, despacio Dale, dale, dal",0.45,transcript_snippet,defensive,19.7,"Dale Mario, dale Mario, dale Vuelvo despacio, despacio, despacio Dale, dale, dale, espatiales, espatiales Y cambio otra vez, pa, pa, pa, pa, pa Achele el bón, achele el bón, achele el bón Buena, pedi, ¿qué haces tú? Dale, esa, esa, si, dale, si, dale Salgo, salgo, salgo Dale, dale, dale",Ccaa | Plussoo | Acicns' | socioscom | CaixaBar ',,,videos/150+ Soccer Drill Videos-20260616T182504Z-3-001/150+ Soccer Drill Videos/Defensive Drills/def_6943340714457582853.mp4,video_analysis/thumbnails/def_6943340714457582853.jpg
def_7421606821254778145,Defensive Drills,"Yes, come Mike. Yes, come Mike. Yes, defense. Come Mike, come. Defense.",0.45,transcript_snippet,passing,28.8,"Yes, come Mike. Yes, come Mike. Yes, defense. Come Mike, come. Defense. Yes Mike, two touch, control. Yes, control. Yes, one touch. Yes, one touch. Come on. Yes, jump.",,,,videos/150+ Soccer Drill Videos-20260616T182504Z-3-001/150+ Soccer Drill Videos/Defensive Drills/def_7421606821254778145.mp4,video_analysis/thumbnails/def_7421606821254778145.jpg
def_7446807909239180549,Defensive Drills,minha vida pode mudar em um ataque sempre treinando pra virar destaque,0.45,transcript_snippet,defensive,20.6,minha vida pode mudar em um ataque sempre treinando pra virar destaque representando a minha cidade é o moleque brilha em campo com a bola nada é fácil mas nunca perca a sua,Preparação Física específica para Zagueiros,,,videos/150+ Soccer Drill Videos-20260616T182504Z-3-001/150+ Soccer Drill Videos/Defensive Drills/def_7446807909239180549.mp4,video_analysis/thumbnails/def_7446807909239180549.jpg
def_7489062019585346823,Defensive Drills,I'll always come back for you.,0.45,transcript_snippet,defensive,28.4,I'll always come back for you.,Ny Azon com | No ARon com | No Aron com,,,videos/150+ Soccer Drill Videos-20260616T182504Z-3-001/150+ Soccer Drill Videos/Defensive Drills/def_7489062019585346823.mp4,video_analysis/thumbnails/def_7489062019585346823.jpg
def_7499200875643161862,Defensive Drills,"A ver liga, dale que puñalada, dale que puñalada, sacala como sea",0.45,transcript_snippet,defensive,35.1,"A ver liga, dale que puñalada, dale que puñalada, sacala como sea Que buena vasu, que buena vasu, dale Ahí bien, ahí bien Llega Venga, el cangado es bueno Ahí cangado Dale, dale, dale Que crees pues carajo Te espero, te espero",,,,videos/150+ Soccer Drill Videos-20260616T182504Z-3-001/150+ Soccer Drill Videos/Defensive Drills/def_7499200875643161862.mp4,video_analysis/thumbnails/def_7499200875643161862.jpg
def_7559284243302485270,Defensive Drills,"Yes, defense, defense, stay focused, white, come on, jump, yes, come on,",0.45,transcript_snippet,defensive,18.8,"Yes, defense, defense, stay focused, white, come on, jump, yes, come on, blue, blue, blue, yes, jump, okay, come on, yellow, yellow, come on, jump, come on, one more, one more, yes, left, timing, okay, hold, control, come back, come back with me, yes, give me good tackling, come on, yes!",,,,videos/150+ Soccer Drill Videos-20260616T182504Z-3-001/150+ Soccer Drill Videos/Defensive Drills/def_7559284243302485270.mp4,video_analysis/thumbnails/def_7559284243302485270.jpg
def_7585587887429733663,Defensive Drills,I'ma make you pump like that,0.45,transcript_snippet,defensive,21.0,I'ma make you pump like that,,,,videos/150+ Soccer Drill Videos-20260616T182504Z-3-001/150+ Soccer Drill Videos/Defensive Drills/def_7585587887429733663.mp4,video_analysis/thumbnails/def_7585587887429733663.jpg
agi_7383682634003516678,Dribbling & Agility,Dribbling & Agility Drill,0.25,category_fallback,"agility, dribbling",9.3,,ACADENY | ACADEN Y | ACĂDENY,,,videos/Dribbling & Agility-20260616T182623Z-3-001/Dribbling & Agility/agi_7383682634003516678.mp4,video_analysis/thumbnails/agi_7383682634003516678.jpg
agi_7429707477270269189,Dribbling & Agility,Dribbling & Agility Drill,0.25,category_fallback,"agility, dribbling",11.8,,,,,videos/Dribbling & Agility-20260616T182623Z-3-001/Dribbling & Agility/agi_7429707477270269189.mp4,video_analysis/thumbnails/agi_7429707477270269189.jpg
agi_7442271476427935032,Dribbling & Agility,Dribbling & Agility Drill,0.25,category_fallback,"agility, dribbling",16.7,,,,,videos/Dribbling & Agility-20260616T182623Z-3-001/Dribbling & Agility/agi_7442271476427935032.mp4,video_analysis/thumbnails/agi_7442271476427935032.jpg
agi_7443323789615680801,Dribbling & Agility,Dribbling & Agility Drill,0.25,category_fallback,"agility, dribbling",25.5,,,,,videos/Dribbling & Agility-20260616T182623Z-3-001/Dribbling & Agility/agi_7443323789615680801.mp4,video_analysis/thumbnails/agi_7443323789615680801.jpg
agi_YTDown.com_Shorts_Aumente-sua-Explosa-o-em-Campo-com-este-_Media_7GGuVzpHzy4_001_720p,Dribbling & Agility,Dribbling & Agility Drill,0.25,category_fallback,"agility, dribbling",12.2,,5ta 9843 | Pnir 242,,,videos/Dribbling & Agility-20260616T182623Z-3-001/Dribbling & Agility/agi_YTDown.com_Shorts_Aumente-sua-Explosa-o-em-Campo-com-este-_Media_7GGuVzpHzy4_001_720p.mp4,video_analysis/thumbnails/agi_YTDown.com_Shorts_Aumente-sua-Explosa-o-em-Campo-com-este-_Media_7GGuVzpHzy4_001_720p.jpg
agi_YTDown.com_Shorts_Media_H_HkUwacpr8_001_1080p,Dribbling & Agility,Dribbling & Agility Drill,0.25,category_fallback,"agility, dribbling",12.6,,,,,videos/Dribbling & Agility-20260616T182623Z-3-001/Dribbling & Agility/agi_YTDown.com_Shorts_Media_H_HkUwacpr8_001_1080p.mp4,video_analysis/thumbnails/agi_YTDown.com_Shorts_Media_H_HkUwacpr8_001_1080p.jpg
agi_YTDown.com_Shorts_Treino-de-PLIOMETRIA-para-Futebol-treino_Media_659nbSWaLWQ_001_1080p,Dribbling & Agility,Dribbling & Agility Drill,0.25,category_fallback,"agility, dribbling",14.6,,ouinQ`,,,videos/Dribbling & Agility-20260616T182623Z-3-001/Dribbling & Agility/agi_YTDown.com_Shorts_Treino-de-PLIOMETRIA-para-Futebol-treino_Media_659nbSWaLWQ_001_1080p.mp4,video_analysis/thumbnails/agi_YTDown.com_Shorts_Treino-de-PLIOMETRIA-para-Futebol-treino_Media_659nbSWaLWQ_001_1080p.jpg
drible_7567745775648656647 (10),Dribbling & Agility,Dribbling & Agility Drill,0.25,category_fallback,"agility, dribbling",33.6,다음 영상에서 만나요!,TRI | DoubleTouch | TR2 Rol | TR3 | Outside-In,,,videos/Dribbling & Agility-20260616T182623Z-3-001/Dribbling & Agility/drible_7567745775648656647 (10).mp4,video_analysis/thumbnails/drible_7567745775648656647 (10).jpg
drible_7567745775648656647 (4),Dribbling & Agility,Dribbling & Agility Drill,0.25,category_fallback,"agility, dribbling",11.5,,,,,videos/Dribbling & Agility-20260616T182623Z-3-001/Dribbling & Agility/drible_7567745775648656647 (4).mp4,video_analysis/thumbnails/drible_7567745775648656647 (4).jpg
7571768829454339340,Dribbling & Agility,Left Foot Mastery,0.35,ocr_fallback,"agility, dribbling",17.8,,Left Foot Mastery,,,videos/Dribbling & Agility-20260616T182623Z-3-001/Dribbling & Agility/7571768829454339340.mp4,video_analysis/thumbnails/7571768829454339340.jpg
agi_7272980968208731398,Dribbling & Agility,DRIBLEGOM #VEDOGDDADBB #AGIDADB,0.35,ocr_fallback,"agility, dribbling",19.8,,DRIBLEGOM #VEDOGDDADBB #AGIDADB | GURTE 'SEGUE FAVORITB,,,videos/Dribbling & Agility-20260616T182623Z-3-001/Dribbling & Agility/agi_7272980968208731398.mp4,video_analysis/thumbnails/agi_7272980968208731398.jpg
agi_7325306209626606853,Dribbling & Agility,(oforroaciohor trrr Lav,0.35,ocr_fallback,"agility, dribbling",15.5,I,Benec Ktul | on IPGGBGT | (oforroaciohor trrr Lav | OLIMPBET | Dotingocon ouan,,,videos/Dribbling & Agility-20260616T182623Z-3-001/Dribbling & Agility/agi_7325306209626606853.mp4,video_analysis/thumbnails/agi_7325306209626606853.jpg
agi_YTDown.com_Shorts_Aumente-sua-Explosa-o-e-Agilidade-com-es_Media_Kcy-DAmZ6XU_001_720p,Dribbling & Agility,AGILIDADEQ EXPLOSÃO,0.35,ocr_fallback,"agility, dribbling",20.7,,AGILIDADEQ EXPLOSÃO | (URÊE 488 | 7ET,,,videos/Dribbling & Agility-20260616T182623Z-3-001/Dribbling & Agility/agi_YTDown.com_Shorts_Aumente-sua-Explosa-o-e-Agilidade-com-es_Media_Kcy-DAmZ6XU_001_720p.mp4,video_analysis/thumbnails/agi_YTDown.com_Shorts_Aumente-sua-Explosa-o-e-Agilidade-com-es_Media_Kcy-DAmZ6XU_001_720p.jpg
agi_YTDown.com_Shorts_Media_CrzZgHYglxc_001_1080p,Dribbling & Agility,FORÇA POTÊNCIA,0.35,ocr_fallback,"agility, dribbling",16.4,,FORÇA POTÊNCIA | FKPANAL | VELOCIDADE | FORÇA | EXPLOSÃO,,,videos/Dribbling & Agility-20260616T182623Z-3-001/Dribbling & Agility/agi_YTDown.com_Shorts_Media_CrzZgHYglxc_001_1080p.mp4,video_analysis/thumbnails/agi_YTDown.com_Shorts_Media_CrzZgHYglxc_001_1080p.jpg
agi_YTDown.com_Shorts_Treino-para-Aumentar-sua-Agilidade-e-Rap_Media_RTtTIdbnUnI_001_720p,Dribbling & Agility,agilidade rapidezz,0.35,ocr_fallback,"agility, dribbling",19.0,Wow,agilidade rapidezz | cuate Segue salve,,,videos/Dribbling & Agility-20260616T182623Z-3-001/Dribbling & Agility/agi_YTDown.com_Shorts_Treino-para-Aumentar-sua-Agilidade-e-Rap_Media_RTtTIdbnUnI_001_720p.mp4,video_analysis/thumbnails/agi_YTDown.com_Shorts_Treino-para-Aumentar-sua-Agilidade-e-Rap_Media_RTtTIdbnUnI_001_720p.jpg
drible_7567745775648656647 (1),Dribbling & Agility,2. Double touch + Roll,0.35,ocr_fallback,"agility, dribbling",19.2,,1. Inside + Outside | stan | 2. Double touch + Roll | Stap | 3. Roll + Instep,,,videos/Dribbling & Agility-20260616T182623Z-3-001/Dribbling & Agility/drible_7567745775648656647 (1).mp4,video_analysis/thumbnails/drible_7567745775648656647 (1).jpg
drible_7567745775648656647 (12),Dribbling & Agility,1. Left Foot Only,0.35,ocr_fallback,"agility, dribbling",27.2,,1. Left Foot Only | 3. Pull & Push | 5. Challenge,,,videos/Dribbling & Agility-20260616T182623Z-3-001/Dribbling & Agility/drible_7567745775648656647 (12).mp4,video_analysis/thumbnails/drible_7567745775648656647 (12).jpg
drible_7567745775648656647 (16),Dribbling & Agility,Stepovers 3x10,0.35,ocr_fallback,"agility, dribbling",30.6,,Stepovers 3x10,,,videos/Dribbling & Agility-20260616T182623Z-3-001/Dribbling & Agility/drible_7567745775648656647 (16).mp4,video_analysis/thumbnails/drible_7567745775648656647 (16).jpg
drible_7567745775648656647 (2),Dribbling & Agility,R@R4@DM@nIHDZ TTRDPASS,0.35,ocr_fallback,"agility, passing, dribbling",83.7,,DREBz@ *7PASS | €2DRPEQz@ | R@R4@DM@nIHDZ TTRDPASS | 04DRM2@S7@R EªT@@L8,,,videos/Dribbling & Agility-20260616T182623Z-3-001/Dribbling & Agility/drible_7567745775648656647 (2).mp4,video_analysis/thumbnails/drible_7567745775648656647 (2).jpg
drible_7567745775648656647 (3),Dribbling & Agility,persecuciones con dribble cambiar las distancias para conocer la habilidad de lo,0.35,ocr_fallback,"agility, dribbling",18.0,,persecuciones con dribble | persecuciones con dribble cambiar las distancias para conocer la habilidad de los jugadores | link en el perfil para que tu también abras tu academia de fútbol,,,videos/Dribbling & Agility-20260616T182623Z-3-001/Dribbling & Agility/drible_7567745775648656647 (3).mp4,video_analysis/thumbnails/drible_7567745775648656647 (3).jpg
drible_7567745775648656647 (8),Dribbling & Agility,How To Improve Your Dribbling,0.35,ocr_fallback,"agility, dribbling",15.4,,How To Improve Your Dribbling | 20 Secs | Flv Emires | Fly Ezotgecs,,,videos/Dribbling & Agility-20260616T182623Z-3-001/Dribbling & Agility/drible_7567745775648656647 (8).mp4,video_analysis/thumbnails/drible_7567745775648656647 (8).jpg
7494457588273204511,Dribbling & Agility,이 영상은 유료 광고를 포함하고 있습니다.,0.45,transcript_snippet,"agility, dribbling",33.6,이 영상은 유료 광고를 포함하고 있습니다.,TRI | DoubleTouch | TR2 Rol | TR3 | Outside-In,,,videos/Dribbling & Agility-20260616T182623Z-3-001/Dribbling & Agility/7494457588273204511.mp4,video_analysis/thumbnails/7494457588273204511.jpg
7506664575442488582,Dribbling & Agility,Thanks for watching!,0.45,transcript_snippet,"agility, dribbling",10.4,Thanks for watching!,r R Re | Spotify,,,videos/Dribbling & Agility-20260616T182623Z-3-001/Dribbling & Agility/7506664575442488582.mp4,video_analysis/thumbnails/7506664575442488582.jpg
7513661595130531114,Dribbling & Agility,"Five drills to improve your dribbling fast. All right, first one. We're",0.45,transcript_snippet,"agility, passing, dribbling",61.4,"Five drills to improve your dribbling fast. All right, first one. We're just starting with our strong foot So we're just going as fast as we can around these cones using the inside and the outside of your strong foot So we'll do five reps of maximum intensity Try to make sure that you're taking the touch every step Next up is left foot taking a touch every single step staying low around the cones So you can change direction quick third one is just using both feet Okay, so switching feet every ti",outside | with your | dribble,,,videos/Dribbling & Agility-20260616T182623Z-3-001/Dribbling & Agility/7513661595130531114.mp4,video_analysis/thumbnails/7513661595130531114.jpg
7594804117697023254,Dribbling & Agility,"Tak, tak i chrysiu. Uda! Extra! Extra uderz!",0.45,transcript_snippet,"agility, dribbling",11.7,"Tak, tak i chrysiu. Uda! Extra! Extra uderz!",,,,videos/Dribbling & Agility-20260616T182623Z-3-001/Dribbling & Agility/7594804117697023254.mp4,video_analysis/thumbnails/7594804117697023254.jpg
agi_7273855800303504645,Dribbling & Agility,Thanks for watching!,0.45,transcript_snippet,"agility, dribbling",14.2,Thanks for watching!,PLIOMETRIA+BOLA | 4~6 REPETIÇÕES Imin DESGANSO | CURTE SEGUE | REPUBLIQUE,,,videos/Dribbling & Agility-20260616T182623Z-3-001/Dribbling & Agility/agi_7273855800303504645.mp4,video_analysis/thumbnails/agi_7273855800303504645.jpg
agi_7431178881941409056,Dribbling & Agility,"Стой, стой, стой, стой!",0.45,transcript_snippet,"agility, dribbling",19.1,"Стой, стой, стой, стой!",,,,videos/Dribbling & Agility-20260616T182623Z-3-001/Dribbling & Agility/agi_7431178881941409056.mp4,video_analysis/thumbnails/agi_7431178881941409056.jpg
agi_7549264303702986006,Dribbling & Agility,"To all the ladies, to all the ladies, to all the ladies",0.45,transcript_snippet,"agility, dribbling",19.3,"To all the ladies, to all the ladies, to all the ladies",llorer | ret,,,videos/Dribbling & Agility-20260616T182623Z-3-001/Dribbling & Agility/agi_7549264303702986006.mp4,video_analysis/thumbnails/agi_7549264303702986006.jpg
agi_YTDown.com_Shorts_Esse-Treino-Simples-de-Agilidade-Desloca_Media_3Vyz6MrbZUM_001_720p,Dribbling & Agility,"I'm one of us, and don't...",0.45,transcript_snippet,"agility, dribbling",12.8,"I'm one of us, and don't...",,,,videos/Dribbling & Agility-20260616T182623Z-3-001/Dribbling & Agility/agi_YTDown.com_Shorts_Esse-Treino-Simples-de-Agilidade-Desloca_Media_3Vyz6MrbZUM_001_720p.mp4,video_analysis/thumbnails/agi_YTDown.com_Shorts_Esse-Treino-Simples-de-Agilidade-Desloca_Media_3Vyz6MrbZUM_001_720p.jpg
dri_7273966507946806533,Dribbling & Agility,Thanks for watching!,0.45,transcript_snippet,"agility, dribbling",45.3,Thanks for watching!,3x8308 | 3x805,,,videos/Dribbling & Agility-20260616T182623Z-3-001/Dribbling & Agility/dri_7273966507946806533.mp4,video_analysis/thumbnails/dri_7273966507946806533.jpg
dri_YTDown.com_Shorts_Back-To-Goal-Escape-Drill-training121-t1_Media_eVAC6jTbClM_001_1080p,Dribbling & Agility,Yeah. Yeah. Roll out. Nice. Use your body here. Yay! Hang on.,0.45,transcript_snippet,"agility, dribbling",15.5,"Yeah. Yeah. Roll out. Nice. Use your body here. Yay! Hang on. Yep. Where is he? Yeah, got the skies. Yep.",,,,videos/Dribbling & Agility-20260616T182623Z-3-001/Dribbling & Agility/dri_YTDown.com_Shorts_Back-To-Goal-Escape-Drill-training121-t1_Media_eVAC6jTbClM_001_1080p.mp4,video_analysis/thumbnails/dri_YTDown.com_Shorts_Back-To-Goal-Escape-Drill-training121-t1_Media_eVAC6jTbClM_001_1080p.jpg
drible_7567745775648656647 (11),Dribbling & Agility,"I'm in that dope again, I'm in that flow again, switch up",0.45,transcript_snippet,"agility, dribbling",16.4,"I'm in that dope again, I'm in that flow again, switch up the flow again, yeah, yeah Fly down that parachute, grip in that pole again, I'm in that all again, yeah, yeah Can't get me in the club, gotta get paid, can't get the streets Young nigga, mage, praying on the crowd, take it to the grave",60 sec 3 set 2 round | STAMINA | DRIBBLE | KCal | 90 sec Break,,,videos/Dribbling & Agility-20260616T182623Z-3-001/Dribbling & Agility/drible_7567745775648656647 (11).mp4,video_analysis/thumbnails/drible_7567745775648656647 (11).jpg
drible_7567745775648656647 (13),Dribbling & Agility,"Esto es lo que tú querías Yo soy fino, esto es Rocky",0.45,transcript_snippet,"agility, dribbling",36.5,"Esto es lo que tú querías Yo soy fino, esto es Rocky Marciano, Rocky Barra Ruta Tengo los gastos de noche","1 @utside Touches | wtlocken ' | 3, Groquetas | 5 Tluin @utDiags",,,videos/Dribbling & Agility-20260616T182623Z-3-001/Dribbling & Agility/drible_7567745775648656647 (13).mp4,video_analysis/thumbnails/drible_7567745775648656647 (13).jpg
drible_7567745775648656647 (6),Dribbling & Agility,A sua vontade vai passar,0.45,transcript_snippet,"agility, passing, dribbling",13.2,A sua vontade vai passar,SIGA PARA MAIS,,,videos/Dribbling & Agility-20260616T182623Z-3-001/Dribbling & Agility/drible_7567745775648656647 (6).mp4,video_analysis/thumbnails/drible_7567745775648656647 (6).jpg
drible_7567745775648656647 (7),Dribbling & Agility,"What a year this has been, and I just want to say,",0.45,transcript_snippet,"agility, dribbling",28.9,"What a year this has been, and I just want to say, I'm grateful.",QUIM '1829eaea? Nem| VldAdi | RTo,,,videos/Dribbling & Agility-20260616T182623Z-3-001/Dribbling & Agility/drible_7567745775648656647 (7).mp4,video_analysis/thumbnails/drible_7567745775648656647 (7).jpg
fis_7313267840226790689,Endurance Drills,Endurance Drill,0.25,category_fallback,endurance,24.3,,,,,videos/150+ Soccer Drill Videos-20260616T182504Z-3-001/150+ Soccer Drill Videos/Endurance Drills/fis_7313267840226790689.mp4,video_analysis/thumbnails/fis_7313267840226790689.jpg
fis_7368875365441326342,Endurance Drills,Endurance Drill,0.25,category_fallback,endurance,192.9,,,,,videos/150+ Soccer Drill Videos-20260616T182504Z-3-001/150+ Soccer Drill Videos/Endurance Drills/fis_7368875365441326342.mp4,video_analysis/thumbnails/fis_7368875365441326342.jpg
fis_7566422407292964104 (1),Endurance Drills,Endurance Drill,0.25,category_fallback,endurance,36.9,Yeah!,,,,videos/150+ Soccer Drill Videos-20260616T182504Z-3-001/150+ Soccer Drill Videos/Endurance Drills/fis_7566422407292964104 (1).mp4,video_analysis/thumbnails/fis_7566422407292964104 (1).jpg
fis_7602724463079214358,Endurance Drills,Endurance Drill,0.25,category_fallback,endurance,63.4,,,,,videos/150+ Soccer Drill Videos-20260616T182504Z-3-001/150+ Soccer Drill Videos/Endurance Drills/fis_7602724463079214358.mp4,video_analysis/thumbnails/fis_7602724463079214358.jpg
fis_7452661574499716357,Endurance Drills,Fortaleza Prefeitura Esporte Lazer,0.35,ocr_fallback,endurance,26.1,,Fortaleza Pefeinal Espcrte Lazer | Fortaleza Prreiue Esporte e Lazer | Fortaleza Prefeitura Esporte Lazer,,,videos/150+ Soccer Drill Videos-20260616T182504Z-3-001/150+ Soccer Drill Videos/Endurance Drills/fis_7452661574499716357.mp4,video_analysis/thumbnails/fis_7452661574499716357.jpg
fis_7525236520416972088,Endurance Drills,Pliometria com Gesto Técnico,0.35,ocr_fallback,endurance,36.7,,"Modelo de Exercício, | Pliometria com Gesto Técnico",,,videos/150+ Soccer Drill Videos-20260616T182504Z-3-001/150+ Soccer Drill Videos/Endurance Drills/fis_7525236520416972088.mp4,video_analysis/thumbnails/fis_7525236520416972088.jpg
fis_7532968256886312198,Endurance Drills,TÉCNICO CON BANDAS,0.35,ocr_fallback,endurance,18.0,,ENTRENAMIENTO | TÉCNICO CON BANDAS | @nahate | sperlem,,,videos/150+ Soccer Drill Videos-20260616T182504Z-3-001/150+ Soccer Drill Videos/Endurance Drills/fis_7532968256886312198.mp4,video_analysis/thumbnails/fis_7532968256886312198.jpg
fis_559780799982177548,Endurance Drills,"Vai! Tirou! 360! Arrancou! Vai, vai, vai, vai! Vamos! Só 6! Vamos!",0.45,transcript_snippet,endurance,38.2,"Vai! Tirou! 360! Arrancou! Vai, vai, vai, vai! Vamos! Só 6! Vamos! Vamos, vamos, vamos, vamos! Vamos! Vem! Pra cá, selera! Pra cá, selera! Vamos, vamos, vamos! Espera um pouquinho pra sair! Espera pra sair! Vamos ver! Vamos ver! Vai dar a volta completa!",,,,videos/150+ Soccer Drill Videos-20260616T182504Z-3-001/150+ Soccer Drill Videos/Endurance Drills/fis_559780799982177548.mp4,video_analysis/thumbnails/fis_559780799982177548.jpg
fis_7111517356387519750,Endurance Drills,"Agacha! 1, 2, 3, 4, 5, saiu! Vamos ver, vamos ver, deixou",0.45,transcript_snippet,endurance,45.0,"Agacha! 1, 2, 3, 4, 5, saiu! Vamos ver, vamos ver, deixou a bola, acelerou, bora, bora, busca a bola, leva no 10 metros, bora, bora, vai, vai, vai, vem, busca a bola, busca a bola, leva no 15, deixou, foi, volta no ponto zero, voltou, vem, vem, vem, vem, vem, leva no 20, bora, deixou, acelerou, mantei o ritmo, bora, bora, bora, vai no 25, vamos, vamos para terminar, bora, bora, bora, bora, vai no 25, voltou, acelera com a bola, acelera, acelera, acelera, acelera, acelera, acelera, acelera, boa!",Treino Funcional Futebol,,,videos/150+ Soccer Drill Videos-20260616T182504Z-3-001/150+ Soccer Drill Videos/Endurance Drills/fis_7111517356387519750.mp4,video_analysis/thumbnails/fis_7111517356387519750.jpg
fis_7130666656447171845,Endurance Drills,"Vai, salta, salta bem, joga a bola alta, salta, passa por trás,",0.45,transcript_snippet,"passing, endurance",40.1,"Vai, salta, salta bem, joga a bola alta, salta, passa por trás, calpique, vem, vem, vem, vem, vem, vem, tentou, faz abdominal, cabeceou, levantou rápido, ligeiro, ligeiro, vamos embora, vamos embora, vamos embora, segue, vai, rápido, vamos, vamos embora, vamos embora, vamos embora, vem, vem, vem, vem, rápido, rápido, rápido, rápido, rápido, vai, sentou, faz o movimento, levanta e continua.",Físico-Técnico | seron,,,videos/150+ Soccer Drill Videos-20260616T182504Z-3-001/150+ Soccer Drill Videos/Endurance Drills/fis_7130666656447171845.mp4,video_analysis/thumbnails/fis_7130666656447171845.jpg
fis_7282449058570980640,Endurance Drills,Det går lite lägre ned. Samma i kvicka går lite lägre. Ochså,0.45,transcript_snippet,endurance,182.8,"Det går lite lägre ned. Samma i kvicka går lite lägre. Ochså den går ner. Ochså den går ner. Jag bara en gång nog ochså du får gå bra. Bra. Vaka, vaka, vaka. Ochså gå. Det är bara här. Ochså. Kom igen, kom igen. Ochså. Ochså. Ochså. Kom igen, kom igen. Så bara då lambdaも brighter, hakky. Ochså lite längre steg. Börja bara på tårna. Ochså trysite lite längre. Ochså lös du tv1. Arthur cần from bara. Bravo! Bara på tårna. alla, bara på tårna. Продолжайте, trappen, trappen, trappen! Schuss! Yes! Sch",,,,videos/150+ Soccer Drill Videos-20260616T182504Z-3-001/150+ Soccer Drill Videos/Endurance Drills/fis_7282449058570980640.mp4,video_analysis/thumbnails/fis_7282449058570980640.jpg
fis_7290943101760310533,Endurance Drills,Joga a bola de jogador E aí perreira dentro da funk Você,0.45,transcript_snippet,endurance,40.5,"Joga a bola de jogador E aí perreira dentro da funk Você é louca em cachoeira E eu assisti da mão abençoada Nela em cachorro Ao tanto de milionário Joga a bola de jogador Que eu tô em cima do palco cantando funk Minha vida revirou, sei que revirou Mas uma flor do lixão que virou diamante Que muitos disseram que eu não iria chegar Cheguei, uma grande onda na vida Te vi que surfava, que eu surfei",EXERCÍCIO DA | SELEÇÃO BRASILEIRA 0 JOGADOR PREPARADO | Ilau | CiMeD | ojogadorpreparado,,,videos/150+ Soccer Drill Videos-20260616T182504Z-3-001/150+ Soccer Drill Videos/Endurance Drills/fis_7290943101760310533.mp4,video_analysis/thumbnails/fis_7290943101760310533.jpg
fis_7455288098063273222,Endurance Drills,"Foi! Uma, duas, três, quatro, arranca, dá o pique! Volta no trote",0.45,transcript_snippet,endurance,60.3,"Foi! Uma, duas, três, quatro, arranca, dá o pique! Volta no trote e entra de novo. Bora! Uma, duas, três, quatro e o pique! Isso! Volta trotando e vai! Faz o movimento! Deu o pique! Isso! Arranca e vai de novo! Vamos embora, vamos embora, vamos embora! Caprecha! Caprecha! Quatro, pique!",TteinodePotência comBola | uteinode Potência Com Bola | 225 | RM 12 {MaisS | Treino de Potência com Bola,,,videos/150+ Soccer Drill Videos-20260616T182504Z-3-001/150+ Soccer Drill Videos/Endurance Drills/fis_7455288098063273222.mp4,video_analysis/thumbnails/fis_7455288098063273222.jpg
fis_7456925657449319686,Endurance Drills,"Bora vim, vamos lá, vem, vem, vem, vem, isso, já muda. Boa!",0.45,transcript_snippet,endurance,103.8,"Bora vim, vamos lá, vem, vem, vem, vem, isso, já muda. Boa! Bora, Fabinho, bora Fabinho, bora. Bora, Sando, bora, Sando, bora. Isso, bora, bora! Bora, bora, bora, bora, bora, bora, bora! Das, bate no azul lá, Das, bate no azul lá. Já viu no zigzag? Vamos, forte. Isso! Boa! Fecha forte, boa! Bora, Rodrigo! Boa, Rodrigo! Vamos, já sai o próximo aí! Vamos, vamos, vamos! Bora, Rogério! Fecha forte, Rogério! Fecha forte, Rogério! Fecha forte, Rogério! Fecha forte, Rogério!",,,,videos/150+ Soccer Drill Videos-20260616T182504Z-3-001/150+ Soccer Drill Videos/Endurance Drills/fis_7456925657449319686.mp4,video_analysis/thumbnails/fis_7456925657449319686.jpg
fis_7464986083474951430,Endurance Drills,"Vamos embora, pode sair! Isso, coordena, vamos, põe força, põe força, ataca",0.45,transcript_snippet,endurance,50.8,"Vamos embora, pode sair! Isso, coordena, vamos, põe força, põe força, ataca o solo, ataca o solo! Excelente! Já gire, vai o próximo! Qual o solzinho aí, falou que ele não vinha? Vamos, põe força, segura aí Luciano, traciona, traciona, traciona! Pode soltar, vamos, um para cada lado! Vamos, vamos, Lucas, isso aqui é 10, aí é 20, vamos, Luciano, é 80 metros, vamos! Vamos, vamos, vamos, vamos, vamos, vamos, vamos, vamos, Lucas! Vamos, vamos, Lucas, acelera! Acelera, Luciano. Excelente! Vamos, vai, ",,,,videos/150+ Soccer Drill Videos-20260616T182504Z-3-001/150+ Soccer Drill Videos/Endurance Drills/fis_7464986083474951430.mp4,video_analysis/thumbnails/fis_7464986083474951430.jpg
fis_7467706436328492294,Endurance Drills,"botar para o filado dá um arranque bora, entrou vem o meu",0.45,transcript_snippet,"passing, endurance",85.6,"botar para o filado dá um arranque bora, entrou vem o meu novo chapa, bora peito, bora, pique, pique vamos ver, vem, vem voltou, acelerou bora, bora, bora, bora capricho no passe arrancou isso vamos bora, vamos bora agora acelerou fez o passe, isso arranca vamos bora pique, desenvolve arranca faz o passe, deu a pinta acelerou outro lado, peito e passa pique boa vamos, vamos, vamos isso aí vamos ver, voltou arrancou bora, bora, bora, bora bora",Resistência Anaeróbia com Gesto Técnico,,,videos/150+ Soccer Drill Videos-20260616T182504Z-3-001/150+ Soccer Drill Videos/Endurance Drills/fis_7467706436328492294.mp4,video_analysis/thumbnails/fis_7467706436328492294.jpg
fis_7468334675669355798 (1),Endurance Drills,"Skip! Go to the deep end! And skip! Yes, yes, yes, yes,",0.45,transcript_snippet,endurance,69.4,"Skip! Go to the deep end! And skip! Yes, yes, yes, yes, yes, yes! In the wall, ball in the wall! This is the life! This is the life!",,,,videos/150+ Soccer Drill Videos-20260616T182504Z-3-001/150+ Soccer Drill Videos/Endurance Drills/fis_7468334675669355798 (1).mp4,video_analysis/thumbnails/fis_7468334675669355798 (1).jpg
fis_7498039842878639366,Endurance Drills,"vamos, vamos, vamos, vamos deixa a bola vai, vai, vai rápido gira",0.45,transcript_snippet,"passing, endurance",72.8,"vamos, vamos, vamos, vamos deixa a bola vai, vai, vai rápido gira vamos, vamos, vamos, solta bem vai, bora, solta, arranca isso voltou, tirou, fez o passo e arranca, fez o passo e arranca fez o passo e arranca bora, bora, bora bora, bora arresta, arresta deixa a bola aqui, vai, esqui pilateral voltou bora, bora bora, bora deixa a bola esqui pilateral vamos ver, vamos ver, vamos ver bora, só volta no esqui bora, bora, bora bora, bora vamos, vamos, vamos",,,,videos/150+ Soccer Drill Videos-20260616T182504Z-3-001/150+ Soccer Drill Videos/Endurance Drills/fis_7498039842878639366.mp4,video_analysis/thumbnails/fis_7498039842878639366.jpg
fis_7508677095367740694,Endurance Drills,Come back! Go! Come back!,0.45,transcript_snippet,endurance,10.7,Come back! Go! Come back!,,,,videos/150+ Soccer Drill Videos-20260616T182504Z-3-001/150+ Soccer Drill Videos/Endurance Drills/fis_7508677095367740694.mp4,video_analysis/thumbnails/fis_7508677095367740694.jpg
fis_7518032055838444806,Endurance Drills,Má é pra ver no criador que me deu força pra lutar,0.45,transcript_snippet,endurance,25.4,"Má é pra ver no criador que me deu força pra lutar e agora que nós tamo aí não vai dar mal valor Já to ciente que a maldade existe em todo lugar e que o segredo é meter mais e manter o foco Que na mesma proporção que nós sonhou com a bicicleta e dava uns graus com a magrela na frente da escola Hoje meu sonho é minha velha, na igual mas era a magrela, virou na veira pra não roletar enquanto eu to Desde antes, nesse instante",at8r,,,videos/150+ Soccer Drill Videos-20260616T182504Z-3-001/150+ Soccer Drill Videos/Endurance Drills/fis_7518032055838444806.mp4,video_analysis/thumbnails/fis_7518032055838444806.jpg
fis_7534063970643135777,Endurance Drills,Hey! Listen! Good night! Good night! Good night!,0.45,transcript_snippet,endurance,10.0,Hey! Listen! Good night! Good night! Good night!,2ousihios Sgvos | (s08 Peta 53 FERPIN igres FCPor} Jdrto Fioel | FC Forto | (cosoi | Betaro revigres FCPort FCPerto,,,videos/150+ Soccer Drill Videos-20260616T182504Z-3-001/150+ Soccer Drill Videos/Endurance Drills/fis_7534063970643135777.mp4,video_analysis/thumbnails/fis_7534063970643135777.jpg
fis_7535476351986404663,Endurance Drills,"Let's go around, let's go around. You got it, you got it,",0.45,transcript_snippet,endurance,14.1,"Let's go around, let's go around. You got it, you got it, you got it. You got it, you got it, let's go around, let's go around. Stop on the dime. Good.",4 SKLZ IRAINING 4 | Sunad752 | 4 SKLZ IRAINNNG 4 | Rr29923 | 4 SKLZ TRANNG 4,,,videos/150+ Soccer Drill Videos-20260616T182504Z-3-001/150+ Soccer Drill Videos/Endurance Drills/fis_7535476351986404663.mp4,video_analysis/thumbnails/fis_7535476351986404663.jpg
fis_7553641097403157778,Endurance Drills,Digan que soy el con mi tumba,0.45,transcript_snippet,endurance,16.8,Digan que soy el con mi tumba,,,,videos/150+ Soccer Drill Videos-20260616T182504Z-3-001/150+ Soccer Drill Videos/Endurance Drills/fis_7553641097403157778.mp4,video_analysis/thumbnails/fis_7553641097403157778.jpg
fis_7561852326957403399,Endurance Drills,"Vamos ver. Foi! Pedala, pedala, pedala, pedala, pedala Mantenha, mantenha. Joelh",0.45,transcript_snippet,endurance,67.4,"Vamos ver. Foi! Pedala, pedala, pedala, pedala, pedala Mantenha, mantenha. Joelho alto, joelho alto, joelho alto, joelho alto Segura! Joelho alto, joelho alto Bora. Arranca! Vai embora, vai embora, vai embora Contornô! Vai! Fique, fique Fique. Bora Bora, vai Pedalô Pedalô Bora Joelho alto Joelho alto Joelho alto Joelho alto Joelho alto e aí mantém, e aí mantém. Vambora, estica mais, Lucas. Estica, estica, estica. Vamos ver, vamos ver, vamos ver. Arranca! Vambora, vambora, vambora! Contornou! Bor",,,,videos/150+ Soccer Drill Videos-20260616T182504Z-3-001/150+ Soccer Drill Videos/Endurance Drills/fis_7561852326957403399.mp4,video_analysis/thumbnails/fis_7561852326957403399.jpg
fis_7571638741580729607,Endurance Drills,Pode! Vem forte! Faça a mudança! Saia forte! Saia forte! Saia forte!,0.45,transcript_snippet,endurance,31.4,Pode! Vem forte! Faça a mudança! Saia forte! Saia forte! Saia forte! Saia forte! Saia forte!,,,,videos/150+ Soccer Drill Videos-20260616T182504Z-3-001/150+ Soccer Drill Videos/Endurance Drills/fis_7571638741580729607.mp4,video_analysis/thumbnails/fis_7571638741580729607.jpg
fis_7575937215855987990,Endurance Drills,"Репетиция! Одна, два! В следующий. Поехали! В следующий. Поехали! Поехали! Поеха",0.45,transcript_snippet,endurance,63.4,"Репетиция! Одна, два! В следующий. Поехали! В следующий. Поехали! Поехали! Поехали! Поехали, поехали!",,,,videos/150+ Soccer Drill Videos-20260616T182504Z-3-001/150+ Soccer Drill Videos/Endurance Drills/fis_7575937215855987990.mp4,video_analysis/thumbnails/fis_7575937215855987990.jpg
fin_7289468738011761951 (19),Finishing,Finishing Drill,0.25,category_fallback,finishing,21.2,,,,,videos/Finishing-20260616T182909Z-3-001/Finishing/fin_7289468738011761951 (19).mp4,video_analysis/thumbnails/fin_7289468738011761951 (19).jpg
fin_7289468738011761951 (21),Finishing,Finishing Drill,0.25,category_fallback,finishing,24.1,Yep,,,,videos/Finishing-20260616T182909Z-3-001/Finishing/fin_7289468738011761951 (21).mp4,video_analysis/thumbnails/fin_7289468738011761951 (21).jpg
fin_7289468738011761951 (24),Finishing,Finishing Drill,0.25,category_fallback,finishing,25.7,,,,,videos/Finishing-20260616T182909Z-3-001/Finishing/fin_7289468738011761951 (24).mp4,video_analysis/thumbnails/fin_7289468738011761951 (24).jpg
fin_7289468738011761951 (25),Finishing,Finishing Drill,0.25,category_fallback,finishing,6.6,,,,,videos/Finishing-20260616T182909Z-3-001/Finishing/fin_7289468738011761951 (25).mp4,video_analysis/thumbnails/fin_7289468738011761951 (25).jpg
fin_7289468738011761951 (31),Finishing,Finishing Drill,0.25,category_fallback,finishing,13.0,Somebody's,,,,videos/Finishing-20260616T182909Z-3-001/Finishing/fin_7289468738011761951 (31).mp4,video_analysis/thumbnails/fin_7289468738011761951 (31).jpg
fin_7289468738011761951 (4),Finishing,Finishing Drill,0.25,category_fallback,finishing,48.5,Great touch.,quick | Quor,,,videos/Finishing-20260616T182909Z-3-001/Finishing/fin_7289468738011761951 (4).mp4,video_analysis/thumbnails/fin_7289468738011761951 (4).jpg
fin_7289468738011761951 (42),Finishing,Finishing Drill,0.25,category_fallback,finishing,20.9,You're gonna,,,,videos/Finishing-20260616T182909Z-3-001/Finishing/fin_7289468738011761951 (42).mp4,video_analysis/thumbnails/fin_7289468738011761951 (42).jpg
fin_7289468738011761951 (45),Finishing,Finishing Drill,0.25,category_fallback,finishing,35.1,,2GoeWeav/hng | 5.Quidktun | 8-Freekick,,,videos/Finishing-20260616T182909Z-3-001/Finishing/fin_7289468738011761951 (45).mp4,video_analysis/thumbnails/fin_7289468738011761951 (45).jpg
fin_7289468738011761951 (48),Finishing,Finishing Drill,0.25,category_fallback,finishing,47.0,,"'etsson | SKUZ"" | SKUZ) | 2coio",,,videos/Finishing-20260616T182909Z-3-001/Finishing/fin_7289468738011761951 (48).mp4,video_analysis/thumbnails/fin_7289468738011761951 (48).jpg
fin_7289468738011761951 (49),Finishing,Finishing Drill,0.25,category_fallback,finishing,19.7,,,,,videos/Finishing-20260616T182909Z-3-001/Finishing/fin_7289468738011761951 (49).mp4,video_analysis/thumbnails/fin_7289468738011761951 (49).jpg
fin_7289468738011761951 (51),Finishing,Finishing Drill,0.25,category_fallback,finishing,9.4,,,,,videos/Finishing-20260616T182909Z-3-001/Finishing/fin_7289468738011761951 (51).mp4,video_analysis/thumbnails/fin_7289468738011761951 (51).jpg
fin_7289468738011761951 (57),Finishing,Finishing Drill,0.25,category_fallback,finishing,8.9,Let's go!,ODDSE/,,,videos/Finishing-20260616T182909Z-3-001/Finishing/fin_7289468738011761951 (57).mp4,video_analysis/thumbnails/fin_7289468738011761951 (57).jpg
fin_7289468738011761951 (7),Finishing,Finishing Drill,0.25,category_fallback,finishing,15.5,,,,,videos/Finishing-20260616T182909Z-3-001/Finishing/fin_7289468738011761951 (7).mp4,video_analysis/thumbnails/fin_7289468738011761951 (7).jpg
fin_YTDown.com_Shorts_1-Knuckle-or-2-Power-shorts_Media_DBaklnWU8ms_001_1080p,Finishing,Finishing Drill,0.25,category_fallback,finishing,12.4,,"1, XNUCKLE | TrionDa",,,videos/Finishing-20260616T182909Z-3-001/Finishing/fin_YTDown.com_Shorts_1-Knuckle-or-2-Power-shorts_Media_DBaklnWU8ms_001_1080p.mp4,video_analysis/thumbnails/fin_YTDown.com_Shorts_1-Knuckle-or-2-Power-shorts_Media_DBaklnWU8ms_001_1080p.jpg
fin_7289468738011761951 (10),Finishing,ojosephalica @josephalica Oscln Canu <,0.35,ocr_fallback,finishing,57.3,,Duelos 3vs2 | @oC | @oalo Iecou>ote | ojosephalica @josephalica Oscln Canu < | Mjosephalica com,,,videos/Finishing-20260616T182909Z-3-001/Finishing/fin_7289468738011761951 (10).mp4,video_analysis/thumbnails/fin_7289468738011761951 (10).jpg
fin_7289468738011761951 (12),Finishing,Teamen LE GUIDE TACTIQUI huide tactique de L'attaquant moderne le Guide tactique,0.35,ocr_fallback,finishing,19.6,,FAE/ | 7AE4 | De l'appft 7 2a FuNTTOH | de [ppfi La Finitio | J6ap6a 1 Migiqiay,,,videos/Finishing-20260616T182909Z-3-001/Finishing/fin_7289468738011761951 (12).mp4,video_analysis/thumbnails/fin_7289468738011761951 (12).jpg
fin_7289468738011761951 (14),Finishing,Forca Do PaSSE EM Profundidade AjeitaDA PARA CRuZaAMENTO DE PRimeira,0.35,ocr_fallback,"passing, finishing",14.5,,Exercice de finition | UNI IMPS SCHEME o | 8522 54X2 ) | Tout en une touche de balle | UNI IMPS SCHEME g,,,videos/Finishing-20260616T182909Z-3-001/Finishing/fin_7289468738011761951 (14).mp4,video_analysis/thumbnails/fin_7289468738011761951 (14).jpg
fin_7289468738011761951 (27),Finishing,@escoladabolabrasil,0.35,ocr_fallback,finishing,75.6,,PMUFr Orange | Jlee | Ga( | @escchadabolal | scoladabolabrasil,,,videos/Finishing-20260616T182909Z-3-001/Finishing/fin_7289468738011761951 (27).mp4,video_analysis/thumbnails/fin_7289468738011761951 (27).jpg
fin_7289468738011761951 (3),Finishing,De Vertspecialist leernargore e,0.35,ocr_fallback,finishing,8.2,,PROMINENT INN motet roauk | Er Meer | De Vertspecialist leernargore e | ervision | Iisch,,,videos/Finishing-20260616T182909Z-3-001/Finishing/fin_7289468738011761951 (3).mp4,video_analysis/thumbnails/fin_7289468738011761951 (3).jpg
fin_7289468738011761951 (30),Finishing,The pueding Ioop played through In tho olvan ordor double pRea ploylad @ vach fu,0.35,ocr_fallback,finishing,62.0,,ANIMATION @FFENSIVE (4-3-3 @FF) | @TrainingFootFR | ANIIATION @FFENSIVE (4-3-3 @FF) | URANIaGOOTGR | [K8,,,videos/Finishing-20260616T182909Z-3-001/Finishing/fin_7289468738011761951 (30).mp4,video_analysis/thumbnails/fin_7289468738011761951 (30).jpg
fin_7289468738011761951 (46),Finishing,12321 Wi pro-soccerdrilis com,0.35,ocr_fallback,finishing,17.3,Hmm,Coach | 1235i Kiuro-socccrdrills com | 1937 Wi pro-soccerdrilis com | 12321 Wi pro-soccerdrilis com,,,videos/Finishing-20260616T182909Z-3-001/Finishing/fin_7289468738011761951 (46).mp4,video_analysis/thumbnails/fin_7289468738011761951 (46).jpg
fin_7289468738011761951 (58),Finishing,Coach Faouzi Haddar,0.35,ocr_fallback,finishing,6.9,,Coach Faouzi Haddar,,,videos/Finishing-20260616T182909Z-3-001/Finishing/fin_7289468738011761951 (58).mp4,video_analysis/thumbnails/fin_7289468738011761951 (58).jpg
fin_7289468738011761951 (59),Finishing,UNI IMPS SCHEME Vooa,0.35,ocr_fallback,finishing,31.8,,UNI IMPS SCHEME Vooa | UnI IMPS Scheme | UnI IMiPS Scheme,,,videos/Finishing-20260616T182909Z-3-001/Finishing/fin_7289468738011761951 (59).mp4,video_analysis/thumbnails/fin_7289468738011761951 (59).jpg
fin_7289468738011761951 (6),Finishing,Treino de FINALIZAÇÃO_ mirates BOLA AEREAI,0.35,ocr_fallback,finishing,10.2,,Treino de FINALIZAÇÃO_ mirates BOLA AEREAI | Segue 0 perfil! | Segue 0 perfil?,,,videos/Finishing-20260616T182909Z-3-001/Finishing/fin_7289468738011761951 (6).mp4,video_analysis/thumbnails/fin_7289468738011761951 (6).jpg
fin_7289468738011761951 (13),Finishing,End of round. We come in and we curve it. Full friendly.,0.45,transcript_snippet,finishing,11.9,End of round. We come in and we curve it. Full friendly. Go head to toe again. End of break. Yeah!,"CUT IN | RARPOSTFNSH | CUFIN € CURVE , | FASTDEMO | REVISIT",,,videos/Finishing-20260616T182909Z-3-001/Finishing/fin_7289468738011761951 (13).mp4,video_analysis/thumbnails/fin_7289468738011761951 (13).jpg
fin_7289468738011761951 (15),Finishing,"Wait they say, get back at them, it's a no-go Baby, baby,",0.45,transcript_snippet,"agility, finishing",15.6,"Wait they say, get back at them, it's a no-go Baby, baby, get back at them",Left | Reconversion Right Flnishlng Fihnishing | Reconversion Rigift Flnishlng Flnishlng | Reconersien Riyint Flnisiilng Flnishilng,,,videos/Finishing-20260616T182909Z-3-001/Finishing/fin_7289468738011761951 (15).mp4,video_analysis/thumbnails/fin_7289468738011761951 (15).jpg
fin_7289468738011761951 (18),Finishing,I said to you,0.45,transcript_snippet,finishing,29.6,I said to you,,,,videos/Finishing-20260616T182909Z-3-001/Finishing/fin_7289468738011761951 (18).mp4,video_analysis/thumbnails/fin_7289468738011761951 (18).jpg
fin_7289468738011761951 (23),Finishing,Oh! The bubble!,0.45,transcript_snippet,finishing,10.2,Oh! The bubble!,ROM VALLEY Gos Gla2uw € | ince 1989 | 01277 676 660 | Windows | OX & Compan Accountants Telephonc 01268 76433,,,videos/Finishing-20260616T182909Z-3-001/Finishing/fin_7289468738011761951 (23).mp4,video_analysis/thumbnails/fin_7289468738011761951 (23).jpg
fin_7289468738011761951 (38),Finishing,"Walking alone, the streets are empty The only thing I can see",0.45,transcript_snippet,finishing,16.8,"Walking alone, the streets are empty The only thing I can see is my own silhouette I'm getting stronger",Trabajando DEFINICIÓN | Ailfnalterminamos con uelocidad | #disciplina | Ailfinalterminamos con uelocidad | Ailfinal terminamos con uelocidad,,,videos/Finishing-20260616T182909Z-3-001/Finishing/fin_7289468738011761951 (38).mp4,video_analysis/thumbnails/fin_7289468738011761951 (38).jpg
fin_7289468738011761951 (40),Finishing,You get me out of my mind Can't stop this feelin' inside,0.45,transcript_snippet,finishing,24.5,You get me out of my mind Can't stop this feelin' inside All day a song in my head It makes me single like that B-b-b-b-b-b-b,,,,videos/Finishing-20260616T182909Z-3-001/Finishing/fin_7289468738011761951 (40).mp4,video_analysis/thumbnails/fin_7289468738011761951 (40).jpg
fin_7289468738011761951 (41),Finishing,Asi que denun daten,0.45,transcript_snippet,finishing,18.0,Asi que denun daten,,,,videos/Finishing-20260616T182909Z-3-001/Finishing/fin_7289468738011761951 (41).mp4,video_analysis/thumbnails/fin_7289468738011761951 (41).jpg
fin_7289468738011761951 (43),Finishing,Neon flickers in the hollow haze Lost in our,0.45,transcript_snippet,"finishing, endurance",5.4,Neon flickers in the hollow haze Lost in our,"Melhore 0 seu chute com este exercício funcional | 3x15 | Intervalo 1""",,,videos/Finishing-20260616T182909Z-3-001/Finishing/fin_7289468738011761951 (43).mp4,video_analysis/thumbnails/fin_7289468738011761951 (43).jpg
fin_7289468738011761951 (44),Finishing,"You ready? Five, four, three, two, one, go!",0.45,transcript_snippet,finishing,31.0,"You ready? Five, four, three, two, one, go!",,,,videos/Finishing-20260616T182909Z-3-001/Finishing/fin_7289468738011761951 (44).mp4,video_analysis/thumbnails/fin_7289468738011761951 (44).jpg
fin_7289468738011761951 (47),Finishing,"They don't say congratulations, but you know",0.45,transcript_snippet,finishing,36.9,"They don't say congratulations, but you know",,,,videos/Finishing-20260616T182909Z-3-001/Finishing/fin_7289468738011761951 (47).mp4,video_analysis/thumbnails/fin_7289468738011761951 (47).jpg
fin_7289468738011761951 (50),Finishing,"Parecia tempestade, tanto raio que brotou Parecia tempestade, tanto raio que bro",0.45,transcript_snippet,finishing,15.3,"Parecia tempestade, tanto raio que brotou Parecia tempestade, tanto raio que brotou Só cagou carinho, só cagou amor Só cagou carinho, só cagou amor Só cagou carinho, só cagou amor",Treino de finalização & | Treino de finalização B,,,videos/Finishing-20260616T182909Z-3-001/Finishing/fin_7289468738011761951 (50).mp4,video_analysis/thumbnails/fin_7289468738011761951 (50).jpg
fin_7289468738011761951 (54),Finishing,"La vida, la vida es un caro",0.45,transcript_snippet,finishing,20.8,"La vida, la vida es un caro",,,,videos/Finishing-20260616T182909Z-3-001/Finishing/fin_7289468738011761951 (54).mp4,video_analysis/thumbnails/fin_7289468738011761951 (54).jpg
fin_7289468738011761951 (61),Finishing,"Helo, dechrau, hynny. Rwy'n sÙn, hynny. Rwy'n sÙn, hynny. Dechrau, hynny, llwy.",0.45,transcript_snippet,finishing,35.7,"Helo, dechrau, hynny. Rwy'n sÙn, hynny. Rwy'n sÙn, hynny. Dechrau, hynny, llwy. Dechrau, hynny. Rwy'n sÙn, hynny. Erbyn, ymlaen, yn y ffordd. Rwy'n angoldio'r holl hwyl yn fwy fwy. Rwy'n gwaith ymlaen, Rans. Ydym yn dda. Ydym yn gweithio'r gwaith. Ydyn ni'n gwybod. Ydym yn gwaith i'w dechrau. Ydym yn gwybod. Ydym yn gwaith i'w dechrau. Cefnogwch chi, weithio ar y gweithdau, daf yn siarad. Mae'r siarad gwaith edrychus. Dyna'r anell. Mae'r ffeydd anall arall. Mae'r cac ym mhen i chi. Teatr. Gone C",Progressive Shooting | Progressive Shootinng,,,videos/Finishing-20260616T182909Z-3-001/Finishing/fin_7289468738011761951 (61).mp4,video_analysis/thumbnails/fin_7289468738011761951 (61).jpg
fin_7434876587218193696,Finishing Drills,Finishing Drill,0.25,category_fallback,finishing,46.3,"0-0, 1-0, 2-2, 1-0, 1-0, 1-1, 2-1, 2-2, 3-3, 4-3",,,,videos/150+ Soccer Drill Videos-20260616T182504Z-3-001/150+ Soccer Drill Videos/Finishing Drills/fin_7434876587218193696.mp4,video_analysis/thumbnails/fin_7434876587218193696.jpg
fin_7474262238640065799,Finishing Drills,Finishing Drill,0.25,category_fallback,finishing,20.3,,,,,videos/150+ Soccer Drill Videos-20260616T182504Z-3-001/150+ Soccer Drill Videos/Finishing Drills/fin_7474262238640065799.mp4,video_analysis/thumbnails/fin_7474262238640065799.jpg
fin_7507607569884646674,Finishing Drills,Finishing Drill,0.25,category_fallback,finishing,24.5,,,,,videos/150+ Soccer Drill Videos-20260616T182504Z-3-001/150+ Soccer Drill Videos/Finishing Drills/fin_7507607569884646674.mp4,video_analysis/thumbnails/fin_7507607569884646674.jpg
fin_7582746192925183245,Finishing Drills,Finishing Drill,0.25,category_fallback,finishing,13.9,,Level 1 | Level 2 | Level 3,,,videos/150+ Soccer Drill Videos-20260616T182504Z-3-001/150+ Soccer Drill Videos/Finishing Drills/fin_7582746192925183245.mp4,video_analysis/thumbnails/fin_7582746192925183245.jpg
fin_7586326680818502945,Finishing Drills,Finishing Drill,0.25,category_fallback,finishing,37.1,,,,,videos/150+ Soccer Drill Videos-20260616T182504Z-3-001/150+ Soccer Drill Videos/Finishing Drills/fin_7586326680818502945.mp4,video_analysis/thumbnails/fin_7586326680818502945.jpg
fin_7589233688991255841,Finishing Drills,Finishing Drill,0.25,category_fallback,finishing,58.4,,,,,videos/150+ Soccer Drill Videos-20260616T182504Z-3-001/150+ Soccer Drill Videos/Finishing Drills/fin_7589233688991255841.mp4,video_analysis/thumbnails/fin_7589233688991255841.jpg
fin_7589311089431563553,Finishing Drills,Finishing Drill,0.25,category_fallback,finishing,108.3,,,,,videos/150+ Soccer Drill Videos-20260616T182504Z-3-001/150+ Soccer Drill Videos/Finishing Drills/fin_7589311089431563553.mp4,video_analysis/thumbnails/fin_7589311089431563553.jpg
fin_7589976050029858081,Finishing Drills,Finishing Drill,0.25,category_fallback,finishing,95.0,,,,,videos/150+ Soccer Drill Videos-20260616T182504Z-3-001/150+ Soccer Drill Videos/Finishing Drills/fin_7589976050029858081.mp4,video_analysis/thumbnails/fin_7589976050029858081.jpg
fin_7590053415183502624,Finishing Drills,Finishing Drill,0.25,category_fallback,finishing,40.0,,,,,videos/150+ Soccer Drill Videos-20260616T182504Z-3-001/150+ Soccer Drill Videos/Finishing Drills/fin_7590053415183502624.mp4,video_analysis/thumbnails/fin_7590053415183502624.jpg
fin_7597830583653387553,Finishing Drills,Finishing Drill,0.25,category_fallback,finishing,52.0,You,7 ',,,videos/150+ Soccer Drill Videos-20260616T182504Z-3-001/150+ Soccer Drill Videos/Finishing Drills/fin_7597830583653387553.mp4,video_analysis/thumbnails/fin_7597830583653387553.jpg
fin_7274017964146380038,Finishing Drills,ojosephalica @josephalica Oscln Canu <,0.35,ocr_fallback,finishing,57.3,,Duelos 3vs2 | @oC | @oalo Iecou>ote | ojosephalica @josephalica Oscln Canu < | Mjosephalica com,,,videos/150+ Soccer Drill Videos-20260616T182504Z-3-001/150+ Soccer Drill Videos/Finishing Drills/fin_7274017964146380038.mp4,video_analysis/thumbnails/fin_7274017964146380038.jpg
fin_7508993178955992342,Finishing Drills,12321 Wi pro-soccerdrilis com,0.35,ocr_fallback,finishing,17.3,Hmm,Coach | 1235i Kiuro-socccrdrills com | 1937 Wi pro-soccerdrilis com | 12321 Wi pro-soccerdrilis com,,,videos/150+ Soccer Drill Videos-20260616T182504Z-3-001/150+ Soccer Drill Videos/Finishing Drills/fin_7508993178955992342.mp4,video_analysis/thumbnails/fin_7508993178955992342.jpg
fin_7529204255220174113,Finishing Drills,TOPLIDERCOACH tu web de ejercicios,0.35,ocr_fallback,finishing,71.4,,TOPLIDERCOACH tu web de ejercicios,,,videos/150+ Soccer Drill Videos-20260616T182504Z-3-001/150+ Soccer Drill Videos/Finishing Drills/fin_7529204255220174113.mp4,video_analysis/thumbnails/fin_7529204255220174113.jpg
fin_7537404144068398369,Finishing Drills,TOPLIDERCOACH tu web de e jercicios,0.35,ocr_fallback,finishing,58.8,,DoTTERS | noecn | Oca Ffa | @ouon | Toyota,,,videos/150+ Soccer Drill Videos-20260616T182504Z-3-001/150+ Soccer Drill Videos/Finishing Drills/fin_7537404144068398369.mp4,video_analysis/thumbnails/fin_7537404144068398369.jpg
fin_7555820523100343585,Finishing Drills,De Vertspecialist leernargore e,0.35,ocr_fallback,finishing,8.2,,PROMINENT INN motet roauk | Er Meer | De Vertspecialist leernargore e | ervision | Iisch,,,videos/150+ Soccer Drill Videos-20260616T182504Z-3-001/150+ Soccer Drill Videos/Finishing Drills/fin_7555820523100343585.mp4,video_analysis/thumbnails/fin_7555820523100343585.jpg
fin_7602253989379411218,Finishing Drills,Treinode Finalizaçãog,0.35,ocr_fallback,finishing,9.3,,Treinode Finalizaçãog | Segue@ perfilb,,,videos/150+ Soccer Drill Videos-20260616T182504Z-3-001/150+ Soccer Drill Videos/Finishing Drills/fin_7602253989379411218.mp4,video_analysis/thumbnails/fin_7602253989379411218.jpg
fin_7160310012487666949,Finishing Drills,Добро пожаловать!,0.45,transcript_snippet,finishing,34.1,Добро пожаловать!,RedB/ | MAR,,,videos/150+ Soccer Drill Videos-20260616T182504Z-3-001/150+ Soccer Drill Videos/Finishing Drills/fin_7160310012487666949.mp4,video_analysis/thumbnails/fin_7160310012487666949.jpg
fin_7307032701830204677,Finishing Drills,"Walking alone, the streets are empty The only thing I can see",0.45,transcript_snippet,finishing,16.8,"Walking alone, the streets are empty The only thing I can see is my own silhouette I'm getting stronger",Trabajando DEFINICIÓN | Ailfnalterminamos con uelocidad | #disciplina | Ailfinalterminamos con uelocidad | Ailfinal terminamos con uelocidad,,,videos/150+ Soccer Drill Videos-20260616T182504Z-3-001/150+ Soccer Drill Videos/Finishing Drills/fin_7307032701830204677.mp4,video_analysis/thumbnails/fin_7307032701830204677.jpg
fin_7457876736861113633,Finishing Drills,O que é isso? O híbrido?,0.45,transcript_snippet,finishing,7.9,O que é isso? O híbrido?,,,,videos/150+ Soccer Drill Videos-20260616T182504Z-3-001/150+ Soccer Drill Videos/Finishing Drills/fin_7457876736861113633.mp4,video_analysis/thumbnails/fin_7457876736861113633.jpg
fin_7476067467341679927,Finishing Drills,"Break, break.",0.45,transcript_snippet,finishing,20.0,"Break, break.",coach Faouzi Haddar,,,videos/150+ Soccer Drill Videos-20260616T182504Z-3-001/150+ Soccer Drill Videos/Finishing Drills/fin_7476067467341679927.mp4,video_analysis/thumbnails/fin_7476067467341679927.jpg
fin_7517252315875790098,Finishing Drills,"Rwy'n mynd i, iaich, iaith. Mae'n amlwg. Felly, mae'n ddod. Iaith. Cymaint",0.45,transcript_snippet,finishing,31.0,"Rwy'n mynd i, iaich, iaith. Mae'n amlwg. Felly, mae'n ddod. Iaith. Cymaint yn fary בטor. Iaith. Mae'n ddod iaith. Mae'n ddod iaith. Iaith, mae'n ddod iaith. Mae'n ddod iaith. Mae'n gweithi'n gwyb. Yw'n cwestiwn i, iaith. Ych chi'n gwyb. Iaith. Mae'n ddod iaith. Iaith. Mae'n gwyb.",WLELS EC | WLEIS EC,,,videos/150+ Soccer Drill Videos-20260616T182504Z-3-001/150+ Soccer Drill Videos/Finishing Drills/fin_7517252315875790098.mp4,video_analysis/thumbnails/fin_7517252315875790098.jpg
fin_7544054202180324641,Finishing Drills,"High five! Up, up, up! Come on! Come on! No, no, no!",0.45,transcript_snippet,finishing,19.8,"High five! Up, up, up! Come on! Come on! No, no, no! One-two! One-two!",,,,videos/150+ Soccer Drill Videos-20260616T182504Z-3-001/150+ Soccer Drill Videos/Finishing Drills/fin_7544054202180324641.mp4,video_analysis/thumbnails/fin_7544054202180324641.jpg
fin_7553250154342599943,Finishing Drills,"Uh, uh, uh Hey True, bet that up for the track We",0.45,transcript_snippet,finishing,14.4,"Uh, uh, uh Hey True, bet that up for the track We gon' take it to the top And that's the truth, truth hurts Ha ha Oh yeah, feel pimpin' drink this smoke",,,,videos/150+ Soccer Drill Videos-20260616T182504Z-3-001/150+ Soccer Drill Videos/Finishing Drills/fin_7553250154342599943.mp4,video_analysis/thumbnails/fin_7553250154342599943.jpg
fin_7592944643554233632,Finishing Drills,"Goodbye, thank you.",0.45,transcript_snippet,finishing,85.6,"Goodbye, thank you.",Iuavoras@ayosWcs 73732 | +8ay ZN | WOMENS EHAMPIONS LEAGUES| VISA YsaiVisa VISA VISA | IGRIF LDA Zn | Da ZN,,,videos/150+ Soccer Drill Videos-20260616T182504Z-3-001/150+ Soccer Drill Videos/Finishing Drills/fin_7592944643554233632.mp4,video_analysis/thumbnails/fin_7592944643554233632.jpg
fin_7596407794853481761,Finishing Drills,Bu ne? Bu ne? Bu ne? Bu ne? Bu ne? Bu ne?,0.45,transcript_snippet,finishing,34.0,Bu ne? Bu ne? Bu ne? Bu ne? Bu ne? Bu ne?,,,,videos/150+ Soccer Drill Videos-20260616T182504Z-3-001/150+ Soccer Drill Videos/Finishing Drills/fin_7596407794853481761.mp4,video_analysis/thumbnails/fin_7596407794853481761.jpg
fin_7597126963467177234,Finishing Drills,Thanks for watching!,0.45,transcript_snippet,finishing,24.0,Thanks for watching!,,,,videos/150+ Soccer Drill Videos-20260616T182504Z-3-001/150+ Soccer Drill Videos/Finishing Drills/fin_7597126963467177234.mp4,video_analysis/thumbnails/fin_7597126963467177234.jpg
7452178652629863686,Goalkeeper Drills,Goalkeeper Drill,0.25,category_fallback,"finishing, goalkeeping",8.5,ВСКРИК,,,,videos/150+ Soccer Drill Videos-20260616T182504Z-3-001/150+ Soccer Drill Videos/Goalkeeper Drills/7452178652629863686.mp4,video_analysis/thumbnails/7452178652629863686.jpg
7454391926326906118,Goalkeeper Drills,Goalkeeper Drill,0.25,category_fallback,"finishing, goalkeeping",6.8,1 2 3,,,,videos/150+ Soccer Drill Videos-20260616T182504Z-3-001/150+ Soccer Drill Videos/Goalkeeper Drills/7454391926326906118.mp4,video_analysis/thumbnails/7454391926326906118.jpg
7457719418613714182,Goalkeeper Drills,Goalkeeper Drill,0.25,category_fallback,"finishing, goalkeeping",21.8,,7CooT | uroo,,,videos/150+ Soccer Drill Videos-20260616T182504Z-3-001/150+ Soccer Drill Videos/Goalkeeper Drills/7457719418613714182.mp4,video_analysis/thumbnails/7457719418613714182.jpg
7457719655575325958,Goalkeeper Drills,Goalkeeper Drill,0.25,category_fallback,"finishing, goalkeeping",21.9,,,,,videos/150+ Soccer Drill Videos-20260616T182504Z-3-001/150+ Soccer Drill Videos/Goalkeeper Drills/7457719655575325958.mp4,video_analysis/thumbnails/7457719655575325958.jpg
7463309644912463110,Goalkeeper Drills,Goalkeeper Drill,0.25,category_fallback,"finishing, goalkeeping",13.8,,bino | gindino,,,videos/150+ Soccer Drill Videos-20260616T182504Z-3-001/150+ Soccer Drill Videos/Goalkeeper Drills/7463309644912463110.mp4,video_analysis/thumbnails/7463309644912463110.jpg
7470183618288127237,Goalkeeper Drills,Goalkeeper Drill,0.25,category_fallback,"finishing, goalkeeping",39.0,,Judea | Uldea,,,videos/150+ Soccer Drill Videos-20260616T182504Z-3-001/150+ Soccer Drill Videos/Goalkeeper Drills/7470183618288127237.mp4,video_analysis/thumbnails/7470183618288127237.jpg
7470587156591840518,Goalkeeper Drills,Goalkeeper Drill,0.25,category_fallback,"finishing, goalkeeping",20.7,,Mudea | Judea | Auidea,,,videos/150+ Soccer Drill Videos-20260616T182504Z-3-001/150+ Soccer Drill Videos/Goalkeeper Drills/7470587156591840518.mp4,video_analysis/thumbnails/7470587156591840518.jpg
7582059388190379271,Goalkeeper Drills,Goalkeeper Drill,0.25,category_fallback,"finishing, goalkeeping",175.6,,,,,videos/150+ Soccer Drill Videos-20260616T182504Z-3-001/150+ Soccer Drill Videos/Goalkeeper Drills/7582059388190379271.mp4,video_analysis/thumbnails/7582059388190379271.jpg
gol_7394134303493475617,Goalkeeper Drills,Goalkeeper Drill,0.25,category_fallback,"finishing, goalkeeping",12.7,,Opori Sto,,,videos/150+ Soccer Drill Videos-20260616T182504Z-3-001/150+ Soccer Drill Videos/Goalkeeper Drills/gol_7394134303493475617.mp4,video_analysis/thumbnails/gol_7394134303493475617.jpg
gol_7547758481420340487,Goalkeeper Drills,Goalkeeper Drill,0.25,category_fallback,"finishing, goalkeeping",63.5,"П経овища... Повторится... ...в funktion역! Раз... ...повторится... ...смест Waiting... ...швnamon... ur妹... ...в Siberian ... ...tri Calvin ... ...� cringe 풍했는데... ...повторится... 3, 2, 1, go!",,,,videos/150+ Soccer Drill Videos-20260616T182504Z-3-001/150+ Soccer Drill Videos/Goalkeeper Drills/gol_7547758481420340487.mp4,video_analysis/thumbnails/gol_7547758481420340487.jpg
gol_7557204427275341067,Goalkeeper Drills,Goalkeeper Drill,0.25,category_fallback,"finishing, goalkeeping",120.0,,Ofc,,,videos/150+ Soccer Drill Videos-20260616T182504Z-3-001/150+ Soccer Drill Videos/Goalkeeper Drills/gol_7557204427275341067.mp4,video_analysis/thumbnails/gol_7557204427275341067.jpg
7452179226825854214,Goalkeeper Drills,"Boa! Vamos, saiu! E... Fechou! Boa!",0.45,transcript_snippet,"finishing, goalkeeping",12.0,"Boa! Vamos, saiu! E... Fechou! Boa!",,,,videos/150+ Soccer Drill Videos-20260616T182504Z-3-001/150+ Soccer Drill Videos/Goalkeeper Drills/7452179226825854214.mp4,video_analysis/thumbnails/7452179226825854214.jpg
7452180428938677509,Goalkeeper Drills,"É bom, vamos. Vai, vai, vai! Vai, vai, vai! Que beleza, Lucão!",0.45,transcript_snippet,"finishing, goalkeeping",15.2,"É bom, vamos. Vai, vai, vai! Vai, vai, vai! Que beleza, Lucão! Vai, vai, vai! Isso! Que beleza! Vou fazer!",Protchua PRIMAY | Prefeihir Muinicinal a0 Priavera DoGste,,,videos/150+ Soccer Drill Videos-20260616T182504Z-3-001/150+ Soccer Drill Videos/Goalkeeper Drills/7452180428938677509.mp4,video_analysis/thumbnails/7452180428938677509.jpg
7452343753701936389,Goalkeeper Drills,"One, two, three.",0.45,transcript_snippet,"finishing, goalkeeping",7.7,"One, two, three.",,,,videos/150+ Soccer Drill Videos-20260616T182504Z-3-001/150+ Soccer Drill Videos/Goalkeeper Drills/7452343753701936389.mp4,video_analysis/thumbnails/7452343753701936389.jpg
7452344383954767109,Goalkeeper Drills,"Vai, vai, vai, vai... Isso, que beleza! Vai, vai, vai... Abaixa, abaixa,",0.45,transcript_snippet,"finishing, goalkeeping",14.9,"Vai, vai, vai, vai... Isso, que beleza! Vai, vai, vai... Abaixa, abaixa, hein! É o meu, olha o meu! Vai, vai, vai... Isso!",Colude | ~ESTE | Pvelua PRlMAVERA DO ESTE | 'ercitutMunei IIMAVERADOLESTE,,,videos/150+ Soccer Drill Videos-20260616T182504Z-3-001/150+ Soccer Drill Videos/Goalkeeper Drills/7452344383954767109.mp4,video_analysis/thumbnails/7452344383954767109.jpg
7454335898897976582,Goalkeeper Drills,ふわっ はい よっしゃ ふわっ よっしゃ,0.45,transcript_snippet,"finishing, goalkeeping",17.8,ふわっ はい よっしゃ ふわっ よっしゃ,,,,videos/150+ Soccer Drill Videos-20260616T182504Z-3-001/150+ Soccer Drill Videos/Goalkeeper Drills/7454335898897976582.mp4,video_analysis/thumbnails/7454335898897976582.jpg
7454392454272339205,Goalkeeper Drills,for me do it like I'm fresh out baby girl that's just,0.45,transcript_snippet,"finishing, goalkeeping",6.6,for me do it like I'm fresh out baby girl that's just cuz I miss you,ñngefîüíno,,,videos/150+ Soccer Drill Videos-20260616T182504Z-3-001/150+ Soccer Drill Videos/Goalkeeper Drills/7454392454272339205.mp4,video_analysis/thumbnails/7454392454272339205.jpg
7470205177031707909,Goalkeeper Drills,Não tem isso aí! Isso! Para! Isso! Vamos! Vai! Segura! Vamos! Segura,0.45,transcript_snippet,"finishing, goalkeeping",28.4,Não tem isso aí! Isso! Para! Isso! Vamos! Vai! Segura! Vamos! Segura lá também! Segura lá também! Isso! E segura aqui ó!,Mlidea | Midea | Jlidea,,,videos/150+ Soccer Drill Videos-20260616T182504Z-3-001/150+ Soccer Drill Videos/Goalkeeper Drills/7470205177031707909.mp4,video_analysis/thumbnails/7470205177031707909.jpg
7505231180040555781,Goalkeeper Drills,Parou? Vai! Isso! Vai! Isso!,0.45,transcript_snippet,"finishing, goalkeeping",21.0,Parou? Vai! Isso! Vai! Isso!,,,,videos/150+ Soccer Drill Videos-20260616T182504Z-3-001/150+ Soccer Drill Videos/Goalkeeper Drills/7505231180040555781.mp4,video_analysis/thumbnails/7505231180040555781.jpg
7586859812365831444,Goalkeeper Drills,"Vamos! Vamos! Chega! Uma, gira! Vai para outra! Chega! Uma, chega! Segura!",0.45,transcript_snippet,"finishing, goalkeeping",113.9,"Vamos! Vamos! Chega! Uma, gira! Vai para outra! Chega! Uma, chega! Segura! Isso! Segura essa! Segura! Vai! Porto! Isso! Segura! Segura! Vai! Vai! Porto! Segura! Isso! Aqui! Segura essa! Tira caralho! Vai! Vai! Chega! Chega! Chega! Segura! Isso! Vai! Vem! Aqui! Em cima! Em cima! Vai! Aqui! Chega aqui! Chega aqui! Isso! Vai! Vai! Vai! Solta! Aqui! Volta! Isso! Em cima aqui! Segura ela! Segura! Segura esse trabalho aqui! Segura! Isso! Vai! Aqui em cima! Vai! Segura em cima! Vai! Isso! Segura essa a","Cchaleyd esportivo PIANAo | confleyo esportivo PIANAO | COMPLEXO ESPoRTIVO PIANÃO""",,,videos/150+ Soccer Drill Videos-20260616T182504Z-3-001/150+ Soccer Drill Videos/Goalkeeper Drills/7586859812365831444.mp4,video_analysis/thumbnails/7586859812365831444.jpg
7588244682623225109,Goalkeeper Drills,"Vem! Aqui! Boa, João! Boa, Felipe! Boa, João! Vem! Aí! Isso! Uma!",0.45,transcript_snippet,"finishing, goalkeeping",66.9,"Vem! Aqui! Boa, João! Boa, Felipe! Boa, João! Vem! Aí! Isso! Uma! Vem! Chega não! Chega não! Chega não!",,,,videos/150+ Soccer Drill Videos-20260616T182504Z-3-001/150+ Soccer Drill Videos/Goalkeeper Drills/7588244682623225109.mp4,video_analysis/thumbnails/7588244682623225109.jpg
7589693439097195796,Goalkeeper Drills,Abaixo. E. E. Abaixo. E. Abaixo. Abaixo. E. Abaixo. Boa. Isso. Vai.,0.45,transcript_snippet,"finishing, goalkeeping",172.4,Abaixo. E. E. Abaixo. E. Abaixo. Abaixo. E. Abaixo. Boa. Isso. Vai. Vai. Então. Isso. Tira a força. Boa. Vai no pé. E. Vai. Boa. Isso. Pé. Pé. Boa. Vai. Boa. Vamos. Vamos.,,,,videos/150+ Soccer Drill Videos-20260616T182504Z-3-001/150+ Soccer Drill Videos/Goalkeeper Drills/7589693439097195796.mp4,video_analysis/thumbnails/7589693439097195796.jpg
7592667380820626706,Goalkeeper Drills,"Tira, tira, tira! Tira, caralho, vamos! Tapa, boa, bota! Boa, bota! 3,",0.45,transcript_snippet,"finishing, goalkeeping",116.9,"Tira, tira, tira! Tira, caralho, vamos! Tapa, boa, bota! Boa, bota! 3, bota! Isso! 3, bota! Ai!",@0661a-7808/59571-403s | Rapidà {Gás | [se | Rapidãc Gas,,,videos/150+ Soccer Drill Videos-20260616T182504Z-3-001/150+ Soccer Drill Videos/Goalkeeper Drills/7592667380820626706.mp4,video_analysis/thumbnails/7592667380820626706.jpg
gol_7271024153245879558,Goalkeeper Drills,"foi, isso é traquinha, boa, boa, pulou, ficou, boa Julio, uma, uma,",0.45,transcript_snippet,"finishing, goalkeeping",30.0,"foi, isso é traquinha, boa, boa, pulou, ficou, boa Julio, uma, uma, isso, duas, duas, isso, pulou, ficou, boa, bola em, duas, boa, boa, três, foi mal, boa, boa, isso, três, a última, a última, vai, vai, vai, coisa linda, vamos serrar, serrar, chega aqui, bora, ae, pô",treinão com 0 profissional Julio | Taddor,,,videos/150+ Soccer Drill Videos-20260616T182504Z-3-001/150+ Soccer Drill Videos/Goalkeeper Drills/gol_7271024153245879558.mp4,video_analysis/thumbnails/gol_7271024153245879558.jpg
gol_7296072356689169669,Goalkeeper Drills,"foi, pegado isso, abriu boa, leva o cone isso, vira a rasteira",0.45,transcript_snippet,"agility, finishing, goalkeeping",18.6,"foi, pegado isso, abriu boa, leva o cone isso, vira a rasteira boa, boa isso, boa meu, isso boa, meu boa",A LOJA DE AUTCOPEÇAS EMNOVA FRIBURGO | JA DE AUTOO PEÇAS EM NOVA FRIBURGO | DE AUTO PEÇAS NOVA FRIBURGO,,,videos/150+ Soccer Drill Videos-20260616T182504Z-3-001/150+ Soccer Drill Videos/Goalkeeper Drills/gol_7296072356689169669.mp4,video_analysis/thumbnails/gol_7296072356689169669.jpg
gol_7419701428161170721,Goalkeeper Drills,"Anything you want, anything you're working for, say. On that inch, let's",0.45,transcript_snippet,"finishing, goalkeeping",79.7,"Anything you want, anything you're working for, say. On that inch, let's go.",Tool s | 0 CRUISES | 0ae | Toolg | Pgo,,,videos/150+ Soccer Drill Videos-20260616T182504Z-3-001/150+ Soccer Drill Videos/Goalkeeper Drills/gol_7419701428161170721.mp4,video_analysis/thumbnails/gol_7419701428161170721.jpg
gol_7458675016729660678,Goalkeeper Drills,"Trabalho de movimentação, coordenação com gesto técnico específico, pegada.",0.45,transcript_snippet,"finishing, goalkeeping",9.4,"Trabalho de movimentação, coordenação com gesto técnico específico, pegada.",Treino de goleiro Profissional,,,videos/150+ Soccer Drill Videos-20260616T182504Z-3-001/150+ Soccer Drill Videos/Goalkeeper Drills/gol_7458675016729660678.mp4,video_analysis/thumbnails/gol_7458675016729660678.jpg
gol_7491811656352255237,Goalkeeper Drills,"Pesou? Vai! Boa, moleque! Coordena, vai! Coordena, coordena! Isso, entradinha! I",0.45,transcript_snippet,"finishing, goalkeeping",65.6,"Pesou? Vai! Boa, moleque! Coordena, vai! Coordena, coordena! Isso, entradinha! Isso, está correndo para trás! Está correndo para trás! Boa! Corre, corre, corre, corre, corre, corre! Vamos, vamos, vamos! Direita! Isso! Esquerda! Direita! Boa! Vai, vai, vai, vai, vai! Coordena, coordena, coordena! Isso, isso! Está correndo, está correndo! Está correndo! Boa! O toquezinho que tira, vai! Correu, correu! Segura! Boa, irmão! Não tem problema, não tem problema! Essa do chão aí é mais difícil, vai! Dire",FBPUEGUENSE CAMPEAO Canioc | SAIDA | [TorA | SetoRB | FBBUEGUENSE ATLETICOCZU CAMPERO Caioca-1994 =GRUPo,,,videos/150+ Soccer Drill Videos-20260616T182504Z-3-001/150+ Soccer Drill Videos/Goalkeeper Drills/gol_7491811656352255237.mp4,video_analysis/thumbnails/gol_7491811656352255237.jpg
gol_7514338611177770245,Goalkeeper Drills,"Trabalho coordenativo com gesto técnico específico, pegada.",0.45,transcript_snippet,"finishing, goalkeeping",24.3,"Trabalho coordenativo com gesto técnico específico, pegada.",Treino de Goleiro Profissional,,,videos/150+ Soccer Drill Videos-20260616T182504Z-3-001/150+ Soccer Drill Videos/Goalkeeper Drills/gol_7514338611177770245.mp4,video_analysis/thumbnails/gol_7514338611177770245.jpg
gol_7580131977920122132,Goalkeeper Drills,"Селев, Селев, Селев, Селев!",0.45,transcript_snippet,"finishing, goalkeeping",8.5,"Селев, Селев, Селев, Селев!",,,,videos/150+ Soccer Drill Videos-20260616T182504Z-3-001/150+ Soccer Drill Videos/Goalkeeper Drills/gol_7580131977920122132.mp4,video_analysis/thumbnails/gol_7580131977920122132.jpg
pas_7401486990589365536,Passing Drills,Passing Drill,0.25,category_fallback,passing,19.7,,,,,videos/150+ Soccer Drill Videos-20260616T182504Z-3-001/150+ Soccer Drill Videos/Passing Drills/pas_7401486990589365536.mp4,video_analysis/thumbnails/pas_7401486990589365536.jpg
pas_7445796379463011630,Passing Drills,Passing Drill,0.25,category_fallback,passing,14.0,,,,,videos/150+ Soccer Drill Videos-20260616T182504Z-3-001/150+ Soccer Drill Videos/Passing Drills/pas_7445796379463011630.mp4,video_analysis/thumbnails/pas_7445796379463011630.jpg
pas_7454724284896824582,Passing Drills,Passing Drill,0.25,category_fallback,passing,11.9,,,,,videos/150+ Soccer Drill Videos-20260616T182504Z-3-001/150+ Soccer Drill Videos/Passing Drills/pas_7454724284896824582.mp4,video_analysis/thumbnails/pas_7454724284896824582.jpg
pas_7511993835069771030,Passing Drills,Passing Drill,0.25,category_fallback,passing,14.2,problem.,,,,videos/150+ Soccer Drill Videos-20260616T182504Z-3-001/150+ Soccer Drill Videos/Passing Drills/pas_7511993835069771030.mp4,video_analysis/thumbnails/pas_7511993835069771030.jpg
pas_7587130835510250784,Passing Drills,Passing Drill,0.25,category_fallback,passing,60.0,,Proys?,,,videos/150+ Soccer Drill Videos-20260616T182504Z-3-001/150+ Soccer Drill Videos/Passing Drills/pas_7587130835510250784.mp4,video_analysis/thumbnails/pas_7587130835510250784.jpg
pas_7592704479535975713,Passing Drills,Passing Drill,0.25,category_fallback,passing,59.4,,,,,videos/150+ Soccer Drill Videos-20260616T182504Z-3-001/150+ Soccer Drill Videos/Passing Drills/pas_7592704479535975713.mp4,video_analysis/thumbnails/pas_7592704479535975713.jpg
pas_7602329942361247008,Passing Drills,Passing Drill,0.25,category_fallback,passing,36.4,,,,,videos/150+ Soccer Drill Videos-20260616T182504Z-3-001/150+ Soccer Drill Videos/Passing Drills/pas_7602329942361247008.mp4,video_analysis/thumbnails/pas_7602329942361247008.jpg
pas_7602638916679634208,Passing Drills,Passing Drill,0.25,category_fallback,passing,60.0,,,,,videos/150+ Soccer Drill Videos-20260616T182504Z-3-001/150+ Soccer Drill Videos/Passing Drills/pas_7602638916679634208.mp4,video_analysis/thumbnails/pas_7602638916679634208.jpg
pas_7226619466610707739,Passing Drills,TOPLIDERCOACH tu Web de e jercicios,0.35,ocr_fallback,passing,96.3,"¡Vámonos! ¡Calidad! ¡Calidad! ¡Pam! ¡Pam! ¡Esa es una buena velocidad! ¡Y precisión! ¡1! ¡Eso es bien! ¡Eso está bien! ¡Ahí es el paseo! ¡3! ¡4! ¡4! ¡Vamos un poco por detrás! ¡4! ¡5! ¡Vamos a saber esa calidad! ¡6! ¡Vamos, la velocidad de balón hace que esto sea más rápido o más lento! ¡Esa es mejor! ¡Esa es bonito! ¡7! ¡Vamos! ¡Esa es una buena velocidad de balón! ¡8!",pelayo | SEAT | finetwork | Sanitos | Halcon,,,videos/150+ Soccer Drill Videos-20260616T182504Z-3-001/150+ Soccer Drill Videos/Passing Drills/pas_7226619466610707739.mp4,video_analysis/thumbnails/pas_7226619466610707739.jpg
pas_7263080863586372897,Passing Drills,The passing loop is played through in the given order. A double pass is played a,0.35,ocr_fallback,passing,18.8,You,Coach_SixtyOne | The passing loop is played through in the given order. A double pass is played at each face-off in the middle. | The player in the middle stays in the middle for the time being and switches after some time.,,,videos/150+ Soccer Drill Videos-20260616T182504Z-3-001/150+ Soccer Drill Videos/Passing Drills/pas_7263080863586372897.mp4,video_analysis/thumbnails/pas_7263080863586372897.jpg
pas_7283997952064916768,Passing Drills,Toplidercoach 0el de elercicios,0.35,ocr_fallback,passing,45.3,"Oh, it's up.",CONTROL ORIENTADO | Toplidercoach 0el de elercicios | Toplidercoach WaCergglg | Toplidercoach 4e Wecgglog,,,videos/150+ Soccer Drill Videos-20260616T182504Z-3-001/150+ Soccer Drill Videos/Passing Drills/pas_7283997952064916768.mp4,video_analysis/thumbnails/pas_7283997952064916768.jpg
pas_7398510308442098976,Passing Drills,Video Credit: R KaWAKATSU Presentedby Coachine Poink,0.35,ocr_fallback,passing,13.8,,Video Credu | Kawakatsu Presented by coachine Point | Video Credit: R KaWAKATSU Presentedby Coachine Poink | Video Credit | wakatsu Presentedby Coachina Poin,,,videos/150+ Soccer Drill Videos-20260616T182504Z-3-001/150+ Soccer Drill Videos/Passing Drills/pas_7398510308442098976.mp4,video_analysis/thumbnails/pas_7398510308442098976.jpg
pas_7437483527664422177,Passing Drills,Level 2 Aussenseite,0.35,ocr_fallback,passing,20.6,,Level 1 Innenseite | 1a( | Level 2 Aussenseite | Level 3 | InnenlAussenseite,,,videos/150+ Soccer Drill Videos-20260616T182504Z-3-001/150+ Soccer Drill Videos/Passing Drills/pas_7437483527664422177.mp4,video_analysis/thumbnails/pas_7437483527664422177.jpg
pas_7586759783873580320,Passing Drills,Wployco lecoqsportit,0.35,ocr_fallback,passing,47.2,,Pastas la Muuñeca | Wployco lecoqsportit | GATORADE] 9 | (oqeph AÑAS | Murieca Pastas,,,videos/150+ Soccer Drill Videos-20260616T182504Z-3-001/150+ Soccer Drill Videos/Passing Drills/pas_7586759783873580320.mp4,video_analysis/thumbnails/pas_7586759783873580320.jpg
pas_7592768377580539154,Passing Drills,760 ER CENTRE ALLERS TRAIN HERE,0.35,ocr_fallback,passing,9.9,,760 ER CENTRE ALLERS TRAIN HERE | 360 SOCCER CENTRE BALLERS TRAT' | 60 EER CENTRE ALLERS TRAZN HERE,,,videos/150+ Soccer Drill Videos-20260616T182504Z-3-001/150+ Soccer Drill Videos/Passing Drills/pas_7592768377580539154.mp4,video_analysis/thumbnails/pas_7592768377580539154.jpg
pas_7361402605148409093,Passing Drills,Don't you know?,0.45,transcript_snippet,passing,31.0,Don't you know?,1 s Paos,,,videos/150+ Soccer Drill Videos-20260616T182504Z-3-001/150+ Soccer Drill Videos/Passing Drills/pas_7361402605148409093.mp4,video_analysis/thumbnails/pas_7361402605148409093.jpg
pas_7447255952639724832,Passing Drills,Left. One more. Very good. Left. Yes. Yes. Good. Yes. Left. Yes.,0.45,transcript_snippet,passing,23.5,Left. One more. Very good. Left. Yes. Yes. Good. Yes. Left. Yes. Right in.,,,,videos/150+ Soccer Drill Videos-20260616T182504Z-3-001/150+ Soccer Drill Videos/Passing Drills/pas_7447255952639724832.mp4,video_analysis/thumbnails/pas_7447255952639724832.jpg
pas_7509967610906283286,Passing Drills,"Cariba para ele, sai do lado e pisa para o ficha. Vai",0.45,transcript_snippet,"passing, defending",30.1,"Cariba para ele, sai do lado e pisa para o ficha. Vai embora, cai de boa e vai embora. Isso aí, joga no meio. Vai embora, fizemos o 2-1, tiramos da pressão. Laca pra cá. Isso, vai embora. Vim pra cá. Duas melas pra cá. Isso, legal. Isso. Vai da marcação, faz o 2-1 e sai e vai embora. Fechou? Vai pro lado do felps. Vai pro lado do felps.",Trabalho de linha de passe | Via* | EciR | Jass,,,videos/150+ Soccer Drill Videos-20260616T182504Z-3-001/150+ Soccer Drill Videos/Passing Drills/pas_7509967610906283286.mp4,video_analysis/thumbnails/pas_7509967610906283286.jpg
pas_7522014171072826642,Passing Drills,"Yn yna, ydw i'n mwynhau. Mae'r unrhyw ddau yn ymwneud â'r unrhyw",0.45,transcript_snippet,passing,16.0,"Yn yna, ydw i'n mwynhau. Mae'r unrhyw ddau yn ymwneud â'r unrhyw ddau. Mae'n dda. Mae'n dda, Mae'n dda. Mae'r unrhyw ddau yn ymwneud â'r unrhyw ddau.",,,,videos/150+ Soccer Drill Videos-20260616T182504Z-3-001/150+ Soccer Drill Videos/Passing Drills/pas_7522014171072826642.mp4,video_analysis/thumbnails/pas_7522014171072826642.jpg
pas_7522561389731286304,Passing Drills,Бат.. Бат.. Бат.. Бат..,0.45,transcript_snippet,passing,15.6,Бат.. Бат.. Бат.. Бат..,Warm ulp | Warm up,,,videos/150+ Soccer Drill Videos-20260616T182504Z-3-001/150+ Soccer Drill Videos/Passing Drills/pas_7522561389731286304.mp4,video_analysis/thumbnails/pas_7522561389731286304.jpg
pas_7580395046269111574,Passing Drills,Thanks for watching!,0.45,transcript_snippet,passing,65.3,Thanks for watching!,Hincestl | KA Fabricade carámici | Lbu | Hincesu | iRKA,,,videos/150+ Soccer Drill Videos-20260616T182504Z-3-001/150+ Soccer Drill Videos/Passing Drills/pas_7580395046269111574.mp4,video_analysis/thumbnails/pas_7580395046269111574.jpg
pas_7585584717362220321,Passing Drills,Редактор субтитров А.Синецкая Корректор А.Егорова,0.45,transcript_snippet,passing,38.5,Редактор субтитров А.Синецкая Корректор А.Егорова,MLAFREALGIV | TOPLIDERCOACH eb de ejercicios | MLLARREALGIV | TOPLIDERCOACH tu web de ejercicios | VLLARREALGIV,,,videos/150+ Soccer Drill Videos-20260616T182504Z-3-001/150+ Soccer Drill Videos/Passing Drills/pas_7585584717362220321.mp4,video_analysis/thumbnails/pas_7585584717362220321.jpg
pas_7588926753641434390,Passing Drills,"Скорость! Пошли, отдаём и сразу набираем скорость. Пошли, слава и ускоримся. Бра",0.45,transcript_snippet,passing,72.5,"Скорость! Пошли, отдаём и сразу набираем скорость. Пошли, слава и ускоримся. Браво, Петя, браво, это хорошая передача. Браво. Левая сторона. Стоять! Да, правый бок, чистота, правый бок, чистота. Давай, не сбивай его. Влезайте, влезайте, чистота, чистота. Вправо, вправо, думай, то, что надо. Поехали! На мяч, на мяч, на мяч. Пауза, пауза, но поймите, сейчас. Давай, давай. Чёткая передача, чёткая передача, чёткая передача, ниже.",,,,videos/150+ Soccer Drill Videos-20260616T182504Z-3-001/150+ Soccer Drill Videos/Passing Drills/pas_7588926753641434390.mp4,video_analysis/thumbnails/pas_7588926753641434390.jpg
